video_id,video_timestamp,video_duration,video_locationcreated,video_diggcount,video_sharecount,video_commentcount,video_playcount,video_description,video_is_ad,video_stickers,author_username,author_name,author_followercount,author_followingcount,author_heartcount,author_videocount,author_diggcount,author_verified,poi_name,poi_address,poi_city
7480132699894680837,2025-03-10T18:55:19,5,ZA,37,1,2,1299,#aperolspritz #aperol ,False,How Aperols speak to me ğŸŠ,emma_lascaris,EMMA JOY,1939,1958,72900,307,275400,False,,,
stopped working hereÂ ;Brain stopped working AGAIN,emma_lascaris,EMMA JOY,1939,1958,72900,307,275400,False,,,,,,,,,,,,,
7480128578290552069,2025-03-10T18:39:21,535,ZA,98,10,4,2403,Chat sh*t with me ğŸ«¶ğŸ» #grwm #girls #therapy #cottonon #selfimprovement #fringe #chatwithme ,False,GRWM & chat ğŸ€,emma_lascaris,EMMA JOY,1939,1958,72900,307,275400,False,,,
7481935792819014967,2025-03-15T15:32:18,7,ZA,69,5,1,2959,Thank you braces for this ğŸ˜‡ #igot21bulletsinside #grills ,False,,emma_lascaris,EMMA JOY,1939,1958,72900,307,275400,False,,,
7480904162092305670,2025-03-12T20:48:57,125,ZA,118,3,14,1707,Spend the morning w me ğŸ˜‡ #gymtok #spendthemorningwithme #morningroutine ,False,Spend the morning w meÂ ,emma_lascaris,EMMA JOY,1939,1958,72900,307,275400,False,,,
7480475055542127878,2025-03-11T17:03:53,15,ZA,130,39,5,3658,"Leg day killed me, but this song saved me! Wearing full cotton on gym set @COTTON ON #gymtok #nokia #drake #outfit #cottonon ",False,ğŸ©¶ğŸ«‚ğŸ‘¼ğŸ»ğŸ“¸ğŸ’¿,emma_lascaris,EMMA JOY,1939,1958,72900,307,275400,False,,,
7478303833362386231,2025-03-05T20:38:21,127,ZA,96,17,1,2454,Do 2 hours of work with me ğŸ‘©â€ğŸ“#workwithme #studywithme #student #girls #relatable ,False,,emma_lascaris,EMMA JOY,1939,1958,72900,307,275400,False,,,
7483049199492173111,2025-03-18T15:32:56,15,ZA,69,1,6,1373,#skimsdupe #dupes ,False,Skims bodysuit dupeÂ ,emma_lascaris,EMMA JOY,1939,1958,72900,307,275400,False,,,
7483106493450014007,2025-03-18T19:15:12,28,ZA,69,3,1,1255,"The perfect "" I'll only have one glass of wine"" wine glasses @Mr Price Home #mrphomehaul #haul #firstapartment #wineglassware ",False,Gigantic wine glassesÂ ,emma_lascaris,EMMA JOY,1939,1958,72900,307,275400,False,,,
7478076814108151046,2025-03-05T05:57:25,37,ZA,86,12,0,2177,Genuinely don't understand the logic #men #girlproblems #relatable #runlikeagirl ,False,Reason 100 why I âœ¨loveâœ¨ menÂ ,emma_lascaris,EMMA JOY,1939,1958,72900,307,275400,False,,,
7476949247347166519,2025-03-02T05:01:52,13,ZA,77,5,5,1537,#fyp ,False,,emma_lascaris,EMMA JOY,1939,1958,72900,307,275400,False,,,
7480819143004982583,2025-03-12T15:19:05,58,ZA,112,40,4,3176,Anyone else?! And can someone please explain to me ğŸ˜­ #gymtok #legday #gymwomen #girls ,False,,emma_lascaris,EMMA JOY,1939,1958,72900,307,275400,False,,,
7478072276735233285,2025-03-05T05:39:47,52,ZA,63,4,7,1683,Very qualified now #cutmybangs #cutownhair #hair #getreadywithme #grwm #haulshein ,False,@home haircut ğŸ€,emma_lascaris,EMMA JOY,1939,1958,72900,307,275400,False,,,
7476949530613665079,2025-03-02T05:02:58,15,ZA,62,7,1,1743,#bestie ,False,,emma_lascaris,EMMA JOY,1939,1958,72900,307,275400,False,,,
7470595031498362118,2025-02-13T02:04:19,8,ZA,160,6,5,3415,#fyp #facetime ,False,When they are pouring their heart out on FaceTime but there is a Greek god in the little squareÂ ,emma_lascaris,EMMA JOY,1939,1958,72900,307,275400,False,,,
7482440834080623927,2025-03-17T00:12:02,42,ZA,47,0,4,1042,This video deserved the real sounds!   #nature #walks #podcasts #clearmind ,False,This and a podcast,emma_lascaris,EMMA JOY,1939,1958,72900,307,275400,False,Cape Town,"Western Cape, South Africa",
7470465478062918967,2025-02-12T17:41:32,6,ZA,32,13,1,1446,This flu ain't no joke ğŸ˜­,False,,emma_lascaris,EMMA JOY,1939,1958,72900,307,275400,False,,,
7480507001630395653,2025-03-11T19:07:48,107,ZA,186,8,3,3025,Spend a gym mornin w me ğŸ«¶ğŸ» #gym #motivation #dailyroutine #habits #spendthemorningwithme #cottonon ,False,Spend a gym morning w me ğŸ‘¼ğŸ»,emma_lascaris,EMMA JOY,1939,1958,72900,307,275400,False,Cape Town - City Life,"13 London Rd, Cape Town, 8005, South Africa",Cape Town
7466255236563258629,2025-02-01T09:23:40,15,ZA,19,1,3,758,Best part of girls night ,False,,emma_lascaris,EMMA JOY,1939,1958,72900,307,275400,False,,,
7467682999195159814,2025-02-05T05:44:06,15,ZA,33,1,2,1326,#msjackson ,False,,emma_lascaris,EMMA JOY,1939,1958,72900,307,275400,False,Cape Town - City Life,"13 London Rd, Cape Town, 8005, South Africa",Cape Town
7463100293564189957,2025-01-23T21:20:50,11,ZA,36,0,1,1227,#outfitinspo ,False,,emma_lascaris,EMMA JOY,1939,1958,72900,307,275400,False,,,
7465450462133701894,2025-01-30T05:20:45,10,ZA,44,10,1,1389,@Justin Bieber #justinbieber #capetown #fyp ,False,,emma_lascaris,EMMA JOY,1939,1958,72900,307,275400,False,,,
7477567374795771141,2025-03-03T21:00:31,366,ZA,123,2,4,2751,Pick an outfit with me/ Haul ğŸ€@COTTON ON #haul #cottononhaul #clothing #grwm #capetown #girls ,False,GRWM/HAUL,emma_lascaris,EMMA JOY,1939,1958,72900,307,275400,False,,,
7464185063232572677,2025-01-26T19:30:21,15,ZA,70,5,6,1496,21st season baby ğŸ˜®â€ğŸ’¨ #21stbirthday ,False,,emma_lascaris,EMMA JOY,1939,1958,72900,307,275400,False,,,
7465449466045172997,2025-01-30T05:16:52,11,ZA,26,0,1,1006,City lights ,False,,emma_lascaris,EMMA JOY,1939,1958,72900,307,275400,False,,,
7460485734273682705,2025-01-16T20:15:06,8,ZA,175,28,7,3859,ğŸ«¶ğŸ»ğŸ«¶ğŸ» #girlsnight ,False,,emma_lascaris,EMMA JOY,1939,1958,72900,307,275400,False,,,
7458609862545509637,2025-01-11T18:55:42,11,ZA,86,4,3,2865,How I am with men VS women ğŸ’‹ ,False,,emma_lascaris,EMMA JOY,1939,1958,72900,307,275400,False,,,
7465444311337848069,2025-01-30T04:56:50,10,ZA,77,0,6,1416,#fitcheck #newapartment ,False,,emma_lascaris,EMMA JOY,1939,1958,72900,307,275400,False,,,
7458608889852939525,2025-01-11T18:51:58,5,ZA,157,6,4,5576,#lockjaw #rugbymen #mtype ,False,When he plays rugbyÂ ,emma_lascaris,EMMA JOY,1939,1958,72900,307,275400,False,,,
7461362842063736069,2025-01-19T04:58:41,5,ZA,114,3,0,2481,#lockjaw ,False,When he is emotionally matureÂ ,emma_lascaris,EMMA JOY,1939,1958,72900,307,275400,False,,,
7458355082560638214,2025-01-11T02:27:01,25,ZA,86,3,5,2216,It's beyond beautiful!! ğŸ«’ ,False,"Unbox my fake olive tree 
for my new apartment ğŸ«’",emma_lascaris,EMMA JOY,1939,1958,72900,307,275400,False,,,
7481935792819014967,2025-03-15T15:32:18,7,ZA,69,5,1,2959,Thank you braces for this ğŸ˜‡ #igot21bulletsinside #grills ,False,,emma_lascaris,EMMA JOY,1939,1958,72900,307,275400,False,,,
7483106493450014007,2025-03-18T19:15:12,28,ZA,69,3,1,1260,"The perfect "" I'll only have one glass of wine"" wine glasses @Mr Price Home #mrphomehaul #haul #firstapartment #wineglassware ",False,Gigantic wine glassesÂ ,emma_lascaris,EMMA JOY,1939,1958,72900,307,275400,False,,,
7480475055542127878,2025-03-11T17:03:53,15,ZA,130,39,5,3660,"Leg day killed me, but this song saved me! Wearing full cotton on gym set @COTTON ON #gymtok #nokia #drake #outfit #cottonon ",False,ğŸ©¶ğŸ«‚ğŸ‘¼ğŸ»ğŸ“¸ğŸ’¿,emma_lascaris,EMMA JOY,1939,1958,72900,307,275400,False,,,
7477567374795771141,2025-03-03T21:00:31,366,ZA,123,2,4,2751,Pick an outfit with me/ Haul ğŸ€@COTTON ON #haul #cottononhaul #clothing #grwm #capetown #girls ,False,GRWM/HAUL,emma_lascaris,EMMA JOY,1939,1958,72900,307,275400,False,,,
7480819143004982583,2025-03-12T15:19:05,58,ZA,112,40,4,3176,Anyone else?! And can someone please explain to me ğŸ˜­ #gymtok #legday #gymwomen #girls ,False,,emma_lascaris,EMMA JOY,1939,1958,72900,307,275400,False,,,
7480132699894680837,2025-03-10T18:55:19,5,ZA,37,1,2,1299,#aperolspritz #aperol ,False,How Aperols speak to me ğŸŠ,emma_lascaris,EMMA JOY,1939,1958,72900,307,275400,False,,,
7482440834080623927,2025-03-17T00:12:02,42,ZA,47,0,4,1042,This video deserved the real sounds!   #nature #walks #podcasts #clearmind ,False,This and a podcast,emma_lascaris,EMMA JOY,1939,1958,72900,307,275400,False,Cape Town,"Western Cape, South Africa",
7480507001630395653,2025-03-11T19:07:48,107,ZA,186,8,3,3027,Spend a gym mornin w me ğŸ«¶ğŸ» #gym #motivation #dailyroutine #habits #spendthemorningwithme #cottonon ,False,Spend a gym morning w me ğŸ‘¼ğŸ»,emma_lascaris,EMMA JOY,1939,1958,72900,307,275400,False,Cape Town - City Life,"13 London Rd, Cape Town, 8005, South Africa",Cape Town
7478076814108151046,2025-03-05T05:57:25,37,ZA,86,12,0,2177,Genuinely don't understand the logic #men #girlproblems #relatable #runlikeagirl ,False,Reason 100 why I âœ¨loveâœ¨ menÂ ,emma_lascaris,EMMA JOY,1939,1958,72900,307,275400,False,,,
7476949530613665079,2025-03-02T05:02:58,15,ZA,63,7,1,1744,#bestie ,False,,emma_lascaris,EMMA JOY,1939,1958,72900,307,275400,False,,,
7476949247347166519,2025-03-02T05:01:52,13,ZA,77,5,5,1537,#fyp ,False,,emma_lascaris,EMMA JOY,1939,1958,72900,307,275400,False,,,
7470595031498362118,2025-02-13T02:04:19,8,ZA,160,6,5,3415,#fyp #facetime ,False,When they are pouring their heart out on FaceTime but there is a Greek god in the little squareÂ ,emma_lascaris,EMMA JOY,1939,1958,72900,307,275400,False,,,
7470465478062918967,2025-02-12T17:41:32,6,ZA,32,13,1,1446,This flu ain't no joke ğŸ˜­,False,,emma_lascaris,EMMA JOY,1939,1958,72900,307,275400,False,,,
7480904162092305670,2025-03-12T20:48:57,125,ZA,118,3,14,1707,Spend the morning w me ğŸ˜‡ #gymtok #spendthemorningwithme #morningroutine ,False,Spend the morning w meÂ ,emma_lascaris,EMMA JOY,1939,1958,72900,307,275400,False,,,
7465450462133701894,2025-01-30T05:20:45,10,ZA,44,10,1,1389,@Justin Bieber #justinbieber #capetown #fyp ,False,,emma_lascaris,EMMA JOY,1939,1958,72900,307,275400,False,,,
7467682999195159814,2025-02-05T05:44:06,15,ZA,33,1,2,1326,#msjackson ,False,,emma_lascaris,EMMA JOY,1939,1958,72900,307,275400,False,Cape Town - City Life,"13 London Rd, Cape Town, 8005, South Africa",Cape Town
7466255236563258629,2025-02-01T09:23:40,15,ZA,19,1,3,758,Best part of girls night ,False,,emma_lascaris,EMMA JOY,1939,1958,72900,307,275400,False,,,
7466254485392870662,2025-02-01T09:20:48,15,ZA,44,0,2,1357,ğŸ’‹ #taste #sabrinacarpenter ,False,,emma_lascaris,EMMA JOY,1939,1958,72900,307,275400,False,,,
7465449466045172997,2025-01-30T05:16:52,11,ZA,26,0,1,1006,City lights ,False,,emma_lascaris,EMMA JOY,1939,1958,72900,307,275400,False,,,
00,False,,,,,,,,,,,,,,,,,,,,
7464936271538916613,2025-01-28T20:05:23,13,ZA,100,13,1,2881,Drama looks today ğŸ˜®â€ğŸ’¨#capetown #iloveadrummaboy #rugby ,False,,emma_lascaris,EMMA JOY,1939,1958,72900,307,275400,False,,,
7478303833362386231,2025-03-05T20:38:21,127,ZA,96,17,1,2454,Do 2 hours of work with me ğŸ‘©â€ğŸ“#workwithme #studywithme #student #girls #relatable ,False,,emma_lascaris,EMMA JOY,1939,1958,72900,307,275400,False,,,
7482341866596207927,2025-03-16T17:48:02,356,ZA,233,25,7,4571,Style a girls night outfit with me ğŸ¤­ #girlsnight #outfit #styletips #cottonon ,False,Girls night outfit;Brain stopped working hereÂ ;Brain stopped working AGAIN,emma_lascaris,EMMA JOY,1939,1958,72900,307,275400,False,,,
7461362842063736069,2025-01-19T04:58:41,5,ZA,114,3,0,2481,#lockjaw ,False,When he is emotionally matureÂ ,emma_lascaris,EMMA JOY,1939,1958,72900,307,275400,False,,,
7463063463162629381,2025-01-23T18:57:57,15,ZA,80,3,2,1391,#justinbieber #justinbiebertour ,False,Me trying to seduce JBiebs into having a 2025 world tourÂ ,emma_lascaris,EMMA JOY,1939,1958,72900,307,275400,False,,,
7460485734273682705,2025-01-16T20:15:06,8,ZA,175,28,7,3859,ğŸ«¶ğŸ»ğŸ«¶ğŸ» #girlsnight ,False,,emma_lascaris,EMMA JOY,1939,1958,72900,307,275400,False,,,
7463100293564189957,2025-01-23T21:20:50,11,ZA,36,0,1,1227,#outfitinspo ,False,,emma_lascaris,EMMA JOY,1939,1958,72900,307,275400,False,,,
7464185063232572677,2025-01-26T19:30:21,15,ZA,70,5,6,1496,21st season baby ğŸ˜®â€ğŸ’¨ #21stbirthday ,False,,emma_lascaris,EMMA JOY,1939,1958,72900,307,275400,False,,,
7458355082560638214,2025-01-11T02:27:01,25,ZA,86,3,5,2216,It's beyond beautiful!! ğŸ«’ ,False,"Unbox my fake olive tree 
for my new apartment ğŸ«’",emma_lascaris,EMMA JOY,1939,1958,72900,307,275400,False,,,
7458609862545509637,2025-01-11T18:55:42,11,ZA,86,4,3,2865,How I am with men VS women ğŸ’‹ ,False,,emma_lascaris,EMMA JOY,1939,1958,72900,307,275400,False,,,
7458608889852939525,2025-01-11T18:51:58,5,ZA,157,6,4,5576,#lockjaw #rugbymen #mtype ,False,When he plays rugbyÂ ,emma_lascaris,EMMA JOY,1939,1958,72900,307,275400,False,,,
7480128578290552069,2025-03-10T18:39:21,535,ZA,98,10,4,2404,Chat sh*t with me ğŸ«¶ğŸ» #grwm #girls #therapy #cottonon #selfimprovement #fringe #chatwithme ,False,GRWM & chat ğŸ€,emma_lascaris,EMMA JOY,1939,1958,72900,307,275400,False,,,
7485126586526731525,2025-03-24T05:54:10,47,MA,4654,849,53,58000,ÙƒØªÙ„Ù‚Ø§Ù‡Ø§ ÙÙƒÙ„ Ø¹Ø§Ø¦Ù„Ø© Ù…ØºØ±Ø¨ÙŠØ© ğŸ˜‚ğŸ˜‚,False,,gouttay.khadija,Khadija gouttay,647300,93,8000000,670,622,False,,,
7270249910174272774,2023-08-23T04:42:50,214,MA,94700,11600,1328,2200000,Insta: gouttay khadija,False,,gouttay.khadija,Khadija gouttay,647300,93,8000000,670,622,False,,,
7483622548073221381,2025-03-20T04:37:42,143,MA,2134,35,23,47200,ØµØ¨ØºØªÙŠ Ø´Ø¹Ø±Ùƒ Ø£Ø®ØªÙŠ Ùˆ Ù„Ø§ Ø¨Ø§Ù‚ÙŠ ğŸ¤£ğŸ¤£,False,,gouttay.khadija,Khadija gouttay,647300,93,8000000,670,622,False,,,
7312412265574075653,2023-12-14T19:34:18,124,MA,142700,6808,2005,2800000,Ø§Ù„ÙƒÙˆØ§Ù„ÙŠØ³ ÙÙŠ Ø§Ù„Ø£Ù†Ø³ØªØºØ±Ø§Ù… gouttay khadija,False,,gouttay.khadija,Khadija gouttay,647300,93,8000000,670,622,False,,,
7314782323977784581,2023-12-21T04:51:20,285,MA,116800,4632,1321,2000000,Ø£Ù†ÙˆØ§Ø¹ Ø§Ù„Ø£Ù…Ù‡Ø§Øª Ù…Ù„ÙŠ ÙƒÙŠÙ…Ø´ÙŠÙˆ Ø¹Ù†Ø¯ Ø§Ù„Ø£Ø³Ø§ØªØ°Ø© ğŸ˜‚ğŸ˜‚,False,,gouttay.khadija,Khadija gouttay,647300,93,8000000,670,622,False,,,
7485126586526731525,2025-03-24T05:54:10,47,MA,4654,849,53,58000,ÙƒØªÙ„Ù‚Ø§Ù‡Ø§ ÙÙƒÙ„ Ø¹Ø§Ø¦Ù„Ø© Ù…ØºØ±Ø¨ÙŠØ© ğŸ˜‚ğŸ˜‚,False,,gouttay.khadija,Khadija gouttay,647300,93,8000000,670,622,False,,,
7483622548073221381,2025-03-20T04:37:42,143,MA,2134,35,23,47200,ØµØ¨ØºØªÙŠ Ø´Ø¹Ø±Ùƒ Ø£Ø®ØªÙŠ Ùˆ Ù„Ø§ Ø¨Ø§Ù‚ÙŠ ğŸ¤£ğŸ¤£,False,,gouttay.khadija,Khadija gouttay,647300,93,8000000,670,622,False,,,
7270249910174272774,2023-08-23T04:42:50,214,MA,94700,11600,1328,2200000,Insta: gouttay khadija,False,,gouttay.khadija,Khadija gouttay,647300,93,8000000,670,622,False,,,
7312412265574075653,2023-12-14T19:34:18,124,MA,142700,6808,2005,2800000,Ø§Ù„ÙƒÙˆØ§Ù„ÙŠØ³ ÙÙŠ Ø§Ù„Ø£Ù†Ø³ØªØºØ±Ø§Ù… gouttay khadija,False,,gouttay.khadija,Khadija gouttay,647300,93,8000000,670,622,False,,,
7314782323977784581,2023-12-21T04:51:20,285,MA,116800,4632,1321,2000000,Ø£Ù†ÙˆØ§Ø¹ Ø§Ù„Ø£Ù…Ù‡Ø§Øª Ù…Ù„ÙŠ ÙƒÙŠÙ…Ø´ÙŠÙˆ Ø¹Ù†Ø¯ Ø§Ù„Ø£Ø³Ø§ØªØ°Ø© ğŸ˜‚ğŸ˜‚,False,,gouttay.khadija,Khadija gouttay,647300,93,8000000,670,622,False,,,
7483622548073221381,2025-03-20T04:37:42,143,MA,2134,35,23,47200,ØµØ¨ØºØªÙŠ Ø´Ø¹Ø±Ùƒ Ø£Ø®ØªÙŠ Ùˆ Ù„Ø§ Ø¨Ø§Ù‚ÙŠ ğŸ¤£ğŸ¤£,False,,gouttay.khadija,Khadija gouttay,647300,93,8000000,670,622,False,,,
7485126586526731525,2025-03-24T05:54:10,47,MA,4654,849,53,58000,ÙƒØªÙ„Ù‚Ø§Ù‡Ø§ ÙÙƒÙ„ Ø¹Ø§Ø¦Ù„Ø© Ù…ØºØ±Ø¨ÙŠØ© ğŸ˜‚ğŸ˜‚,False,,gouttay.khadija,Khadija gouttay,647300,93,8000000,670,622,False,,,
7270249910174272774,2023-08-23T04:42:50,214,MA,94700,11600,1328,2200000,Insta: gouttay khadija,False,,gouttay.khadija,Khadija gouttay,647300,93,8000000,670,622,False,,,
7314782323977784581,2023-12-21T04:51:20,285,MA,116800,4632,1321,2000000,Ø£Ù†ÙˆØ§Ø¹ Ø§Ù„Ø£Ù…Ù‡Ø§Øª Ù…Ù„ÙŠ ÙƒÙŠÙ…Ø´ÙŠÙˆ Ø¹Ù†Ø¯ Ø§Ù„Ø£Ø³Ø§ØªØ°Ø© ğŸ˜‚ğŸ˜‚,False,,gouttay.khadija,Khadija gouttay,647300,93,8000000,670,622,False,,,
7312412265574075653,2023-12-14T19:34:18,124,MA,142700,6808,2005,2800000,Ø§Ù„ÙƒÙˆØ§Ù„ÙŠØ³ ÙÙŠ Ø§Ù„Ø£Ù†Ø³ØªØºØ±Ø§Ù… gouttay khadija,False,,gouttay.khadija,Khadija gouttay,647300,93,8000000,670,622,False,,,
7255278786566966534,2023-07-13T20:27:12,19,MA,11900,343,316,306400,Ø¨ØºÙŠØª Ù„ÙŠ Ø´Ø§Ù ÙÙŠØ¯ÙŠÙˆ ÙŠÙƒØªØ¨ Ù…Ø´Ø£Ù„Ù„Ù‡ â¤ï¸â¤ï¸â¤ï¸,False,,soukaina.slaoui,Ø³Ù…Ø±Ø§Ø¡ğŸ‘¸ğŸ½,111400,290,839200,1480,7352,False,,,
7485374309314120966,2025-03-24T21:55:24,41,MA,129,0,3,3381,,False,Ø²Ù‡Ø±ÙŠ Ù‡Ùˆ Ø¨Ù†ØªÙŠ ğŸ¥¹,soukaina.slaoui,Ø³Ù…Ø±Ø§Ø¡ğŸ‘¸ğŸ½,111400,290,839200,1480,7352,False,,,
7431636421498195206,2024-10-31T02:25:02,89,MA,54800,12600,3430,1700000,,False,,soukaina.slaoui,Ø³Ù…Ø±Ø§Ø¡ğŸ‘¸ğŸ½,111400,290,839200,1480,7352,False,,,
,2022-10-21T00:16:38,6,ZA,54900,2515,244,946100,When you just not ready to be a mom and enjoy being an aunt ğŸ˜â¤ï¸ . Respect to all the moms ğŸ™ŒğŸ»#siebritztwins #foryou #momsoftiktok #meme #momlife @TikTok South Africa ,False,Aunties â€œI love my nieces/nephews but I love that I can give them backâ€..ğŸ˜‚â¤ï¸,siebritztwins,Amron & Geo Siebritz,273800,155,3500000,986,3544,False,,,
7482700917385530629,2025-03-17T17:01:18,12,ZA,488,3,6,14000,This trend took us back ğŸ˜‚ğŸ’ƒğŸ».. Always fun with sis and niece â¤ï¸ #freshprinceofbelair #thefreshprinceofbelair #willsmith #foryou #dance #mzansi #trend @Will Smith ,False,Family ğŸ˜…â¤ï¸,siebritztwins,Amron & Geo Siebritz,273800,155,3500000,986,3544,False,,,
7483105956553903365,2025-03-18T19:13:07,35,ZA,1543,6,10,10200,"COMPETITION TIME ğŸ¤© Clear skin starts with the right care!! Eucerin is giving away 1 of 4 iPhone 16â€™s or DJI Osmos. ğŸš¨ See steps below to follow:  1. Buy any 2 Eucerin Dermopufiyer products 2. Post a selfie of you with the product 3. Use #ClearSkinWithEucerin & tag @Eucerin South Africa on TikTok 4. Keep the slip, as you will need to present it if you are one of the lucky winners T'c and C's apply! #ClearSkinWithEucerin #DermoPurifyer #Eucerin #AcneProneFirstAidKit  #competition #skincare #skincaretiktok #foryou #acneproneskin ",False,COMPETITION TIME ğŸ¤©,siebritztwins,Amron & Geo Siebritz,273800,155,3500000,986,3544,False,,,
7483544440812965126,2025-03-19T23:34:34,133,ZA,2491,7,13,18200,Latest interview and work with American Swiss â¤ï¸.  #sisterhood #womenempowerment #twins #mzansi #foryou #interview #jewellery #southafrica #tiktoksouthafrica ,False,Interview time ğŸ«¶ğŸ¼,siebritztwins,Amron & Geo Siebritz,273800,155,3500000,986,3544,False,,,
7363595684571925776,2024-04-30T17:52:14,45,ZA,53000,497,332,689400,"In My Makoti Era ğŸ«¶ğŸ¼  For the past few days I spent time in Baziya Forest in Eastern Cape for the first time due to my father in-law passing away.  I knew I had to go down to Eastern Cape when I got the news and especially to support my husband. I was emotional about the passing of Tata but at the same time nervous about going to the village and being a makoti.  I spent 11 days in the village and it was the most humbling experience ever. It wasnâ€™t easy, I cried the first night because I was so overwhelmed but afterwards i adjusted, it got easier and I met some of the most amazing humans. Everyone was so welcoming , shocked at the same time lol and when my family came down for the funeral the weekend they welcomed them as well with open arms.  It was definitely a bitter sweet experience. Losing  Tata but at the same time experiencing village life and being a makoti . I am sure Tata would be so proud, probably laughed abit as well lol.  Thanks Baziya  Forest and Mthatha for the experience â¤ï¸ğŸ˜…..  To Tata : May you rest in peace , you will forever remain in our hearts. Love you â¤ï¸ #makoti #villagelife #easterncape #mthatha #mzansi #tiktokafrica ",False,Makoti Era ,siebritztwins,Amron & Geo Siebritz,273800,155,3500000,986,3544,False,Eastern Cape,South Africa,
7363042147852979472,2024-04-29T06:04:24,6,ZA,6600,527,236,960700,It was always like thatğŸ˜­ğŸ˜‚,False,,danielxvermaak,DANIEL,3300000,622,81200000,403,222100,True,,,
7325830672143142150,2024-01-19T23:24:33,10,ZA,33000,162,1417,3900000,What?!ğŸ˜‚,False,Impossible to beat the AI,danielxvermaak,DANIEL,3300000,622,81200000,403,222100,True,,,
7325431882844212485,2024-01-18T21:37:03,10,ZA,152700,1133,13200,13700000,ImpossibleğŸ˜«ğŸ˜‚,False,"Itâ€™s impossible to get to 
20ğŸ˜¤",danielxvermaak,DANIEL,3300000,622,81200000,403,222100,True,,,
7338897694397811974,2024-02-24T04:31:17,10,ZA,2600000,89800,17600,50900000,How to deal with spam callersğŸ˜±ğŸ˜‚,False,How to deal with spam callers,danielxvermaak,DANIEL,3300000,622,81200000,403,222100,True,,,
7475042912519212343,2025-02-25T01:44:22,14,ZA,39900,7017,426,650900,ğŸ˜‚ğŸ˜­,False,,danielxvermaak,DANIEL,3300000,622,81200000,403,222100,True,,,
7484448413749185847,2025-03-22T10:02:29,17,MA,232,4,16,6995,Ø´Ø­Ø§Ù„ Ù‚Ø±ÙŠØªÙˆ Ø§Ù„Ù‚Ø±Ø¢Ù† Ø§Ù„ÙƒØ±ÙŠÙ… ÙÙŠ ÙÙŠ Ù‡Ø°Ø§ Ø§Ù„Ø´Ù‡Ø± Ø§Ù„ÙØ¶ÙŠÙ„ #Ø§Ù„Ù„Ù‡Ù…_ØµÙ„ÙŠ_Ø¹Ù„Ù‰_Ù†Ø¨ÙŠÙ†Ø§_Ù…Ø­Ù…Ø¯ #cejour-lÃ  #Ù€#Ù€,False,Ø§Ù‚Ø±Ø¤Ùˆ Ø§Ù„Ù‚Ø±Ø¢Ù† Ø§Ù„ÙƒØ±ÙŠÙ… ÙÙŠ Ù‡Ø°Ø§ Ø§Ù„Ø´Ù‡Ø± Ø§Ù„ÙƒØ±ÙŠÙ… Ù‡Ùˆ Ù„ÙŠÙ†ÙØ¹ÙƒÙ… ÙÙŠ Ø§Ù„Ø¯Ù†ÙŠØ§ ÙˆØ§Ù„Ø§Ø®Ø±Ù‡ ,omyahya010,ÙŠÙˆÙ…ÙŠØ§Øª Ø£Ù… ÙŠØ­ÙŠÙ‰,2100000,268,12400000,374,166,False,,,
7485416618512682245,2025-03-25T00:39:36,62,MA,486,8,18,15100,ğŸ¤£ğŸ¤£ğŸ¤£,False,,omyahya010,ÙŠÙˆÙ…ÙŠØ§Øª Ø£Ù… ÙŠØ­ÙŠÙ‰,2100000,268,12400000,374,166,False,,,
7484413272951639301,2025-03-22T07:46:06,35,MA,492,102,17,17600,ÙÙˆØ§Ø¦Ø¯ Ø¹Ø´Ø¨Ù‡ Ø§Ù„Ù…Ø±ÙŠÙˆØª ,False,,omyahya010,ÙŠÙˆÙ…ÙŠØ§Øª Ø£Ù… ÙŠØ­ÙŠÙ‰,2100000,268,12400000,374,166,False,,,
7447553066313796870,2024-12-12T23:49:40,15,MA,1536,51,114,70600,Ø§Ù„Ù„Ù‡ ÙŠØ±Ø²Ù‚ ÙƒÙ„ ÙˆØ§Ø­Ø¯ Ù„ÙƒÙŠØªÙ…Ù†Ø§Ù‡ #Ø§Ù„Ù„Ù‡Ù…_ØµÙ„ÙŠ_Ø¹Ù„Ù‰_Ù†Ø¨ÙŠÙ†Ø§_Ù…Ø­Ù…Ø¯ #Ø§Ù„Ø´Ø¹Ø¨_Ø§Ù„ØµÙŠÙ†ÙŠ_Ù…Ø§Ù„Ù‡_Ø­Ù„ #_Ù‡Ø§Ø´ØªØ§Ù‚Ø§Øª_ØªÙŠÙƒ_ØªÙˆÙƒ_Ø§Ù„Ø¹Ø±Ø¨ ,False,,omyahya010,ÙŠÙˆÙ…ÙŠØ§Øª Ø£Ù… ÙŠØ­ÙŠÙ‰,2100000,268,12400000,374,166,False,,,
7484340039921536261,2025-03-22T03:01:56,10,MA,450,8,11,12900,#Ramadan2025 ,False,,hanan.elmaoui,7ANAN,1200000,19,13000000,1224,17700,False,,,
7485512117253115191,2025-03-25T06:50:11,7,MA,167,10,2,3976,#Ramadan2025 ,False,Ø¬Ø§ÙŠ ÙŠØ¹ØªØ¯Ø± Ø¨Ø¹Ø¯ Ù…Ø§ ØªØ®Ø·ÙŠØª Ø£ØµÙ„Ø§:,hanan.elmaoui,7ANAN,1200000,19,13000000,1224,17700,False,,,
7484286968566648119,2025-03-21T23:35:58,6,MA,15000,2580,146,276400,ØªÙØªÙƒØ± Ø§Ù†Ùƒ ØµØ§ÙŠÙ… Ù‡Ù‡Ù‡#Ramadan2025 ,False,"ÙƒØªØ¨ØºÙŠ ØªØ¹Ø§ÙŠØ±ÙŠ Ø´ÙŠ ÙˆØ§Ø­Ø¯ 
ÙˆÙƒØªÙÙƒØ±ÙŠ Ø±Ø§Ùƒ 
ØµØ§ÙŠÙ…Ø©:",hanan.elmaoui,7ANAN,1200000,19,13000000,1224,17700,False,,,
7275002554143001862,2023-09-05T00:05:31,13,MA,317100,36100,4753,11400000,#meme #Ø§Ù„Ø¯Ø®ÙˆÙ„_Ø§Ù„Ù…Ø¯Ø±Ø³ÙŠ ,False,Ø§Ù„Ø§Ù…Ù‡Ø§Øª Ø§Ù„Ù…ØºØ±Ø¨ÙŠØ§Øª Ø§Ù„ÙŠÙˆÙ…,hanan.elmaoui,7ANAN,1200000,19,13000000,1224,17700,False,,,
7340666533410082054,2024-02-28T22:55:17,51,MA,133300,15200,1778,6400000,@hasna #meme #7ANAN ,False,"Ø§Ù„ØµØ§Ù„ÙŠØ± 
Salaire;Ø§Ù„ÙƒØ±Ø§Ø¡ ;Ø§Ù„ÙÙˆØ§ØªÙŠØ± ;Ø§Ù„Ù…Ù„Ø§Ø¨Ø³;Ø§Ù„ÙƒØ±ÙŠØ¯ÙŠ;Ø§Ù„Ù‚Ø±Ø¹Ø©;Ø§Ù„ØªÙ‚Ø¯ÙŠØ© ",hanan.elmaoui,7ANAN,1200000,19,13000000,1224,17700,False,,,
7485064064817745158,2025-03-24T01:51:30,30,NG,2990,5,49,23300,Love is a beautiful thing ğŸ™ˆğŸ˜ğŸ’œ #tinacutielove ,False,Omoh true love sweet oo,tinacutielove,BossTinağŸ’ğŸ¦‹ğŸ’«,1700000,3002,69900000,3643,153700,True,,,
7485414241189563703,2025-03-25T00:30:23,17,NG,3835,11,51,30100,Food is lifeğŸ˜‚ğŸ˜‚#tinacutielove ,False,What if the man you are dating now Breakup with youğŸ˜­;With food I will be okayyy,tinacutielove,BossTinağŸ’ğŸ¦‹ğŸ’«,1700000,3002,69900000,3643,153700,True,,,
7484987288120839479,2025-03-23T20:53:49,46,NG,1799,14,35,13600,That 2k is very important ooğŸ˜‚ğŸ˜‚#tinacutielove ,False,,tinacutielove,BossTinağŸ’ğŸ¦‹ğŸ’«,1700000,3002,69900000,3643,153700,True,,,
7484684997224434949,2025-03-23T01:20:32,39,NG,19400,43,124,135100,Beautiful ğŸ¥¹ğŸ’œ#tinacutielove ,False,"GRWMğŸ˜ğŸ’œ;MOVIE DATE WITH MY MAN
ğŸ™ˆ",tinacutielove,BossTinağŸ’ğŸ¦‹ğŸ’«,1700000,3002,69900000,3643,153700,True,,,
7473873959889521975,2025-02-21T22:08:11,5,ZA,29200,398,180,1400000,"New white lion cub spotted in Kruger!  Last week, 5km from Orpen gate, a tiny white lion cub was seen for the very first time.  Ashton Thomas was the very first person to share the sighting with us and might have been one of the first to spot it! Ashton thinks it may be a female, but it was very hard to tell, and he is not 100 percent sure. There have been no further sightings, but, as they come in, we will let you know!  Orpen Gate area is famous for its white lions, so, itâ€™s amazing to see a new white lion join the bloodline.",False,,latestsightings,Latest Sightings,7300000,10,100100000,427,636,True,,,
7462000875335339269,2025-01-20T22:14:35,5,ZA,1700000,45600,15700,91900000,Lion chooses wrong battle!ğŸ˜®,False,,latestsightings,Latest Sightings,7300000,10,100100000,427,636,True,,,
7483890780549958918,2025-03-20T21:58:31,7,ZA,17100,216,63,1800000,When mom has your back!,False,,latestsightings,Latest Sightings,7300000,10,100100000,427,636,True,,,
7480545352995622150,2025-03-11T21:36:35,16,ZA,148400,6305,1826,9400000,Massive elephant mashes ground in tantrum!,False,,latestsightings,Latest Sightings,7300000,10,100100000,427,636,True,,,
7475722204324367621,2025-02-26T21:40:17,42,ZA,59000,639,429,1700000,Family SUV runs from lion!,False,,latestsightings,Latest Sightings,7300000,10,100100000,427,636,True,,,
7484963200576818438,2025-03-23T19:20:06,21,NG,40700,1145,628,252600,ğŸ™,False,,worldbestmandykiss,Iya Awon OmoOboğŸ˜‹ğŸ‘©,1800000,666,20700000,743,4901,False,,,
7485292767090855174,2025-03-24T16:39:04,39,NG,15700,178,308,90200,Radarada ğŸ˜£,False,âš ï¸Â ,worldbestmandykiss,Iya Awon OmoOboğŸ˜‹ğŸ‘©,1800000,666,20700000,743,4901,False,,,
7224200971444899078,2023-04-21T02:29:25,49,NG,295800,923,2114,3000000,Mandykiss ğŸ’«,False,,worldbestmandykiss,Iya Awon OmoOboğŸ˜‹ğŸ‘©,1800000,666,20700000,743,4901,False,,,
7468346053180345605,2025-02-07T00:37:04,13,ZA,44700,1230,119,1700000,Under the mistletoe ğŸ„#__dance__tutorialss_ ,False,"MISTLETOE TUTORIALÂ ;FreestyleÂ ;âœŠâœŠ â¬…ï¸â¡ï¸ x2 
âœŠâœŠâ¡ï¸â¬…ï¸ x2Â ;1.ğŸ¤šğŸ¤šâ¬‡ï¸ 2.ğŸ‘‡ğŸ‘‡ 
3.ğŸ«±ğŸ«² x2Â ;1.ğŸ‘ğŸ¾ 
2.Trip out â¡ï¸â¬…ï¸;Move foward 
ğŸ«±ğŸ«² x4Â ",__dance__tutorialss_,ğŸ’œDance tutorialsâ¤ï¸,1700000,159,19100000,1267,38800,False,,,
7466018704195718405,2025-01-31T18:05:47,14,ZA,41800,845,93,1100000,BOOM ğŸ’¥ DC@NkhensaniğŸ‡¿ğŸ‡¦ #__dance__tutorialss_ ,False,"Shake ğŸ‘;BOOM TUTORIAL ğŸ’¥;1.Leg to side 
2.Arm to sideÂ ;1.Arms â¬‡ï¸âœŠ âœŠâ¬‡ï¸
2.Legs â¡ï¸ â¬…ï¸;1.Legs cross over 
2.â¬…ï¸ğŸ¦¶3.ğŸ§‘ğŸ½â¬‡ï¸ Leg â¬†ï¸;1.ğŸ”« Arms x3 
ï¿¼2.Walk x3Â ;1.Walk back x3 
2.back â¬†ï¸â¬‡ï¸",__dance__tutorialss_,ğŸ’œDance tutorialsâ¤ï¸,1700000,159,19100000,1267,38800,False,,,
7354298840154950917,2024-04-05T16:35:37,15,ZA,229400,4974,481,7500000,Come duze â¤ï¸â€ğŸ”¥ğŸ«µğŸ¾ #__dance__tutorialss_ ,False,"Freestyle ;BULA NTHWEO TUTORIAL ;Come x2 ;ğŸ¤šğŸ¤šâ¬‡ï¸ ;ğŸ‘ğŸ‘ƒğŸ‘;ğŸ¤šğŸ¤šâ¬‡ï¸;ğŸ«µğŸ¾ x3;Elbow x2;1.Head down 
2.ğŸ¤·â€â™€ï¸",__dance__tutorialss_,ğŸ’œDance tutorialsâ¤ï¸,1700000,159,19100000,1267,38800,False,,,
7319858644299058437,2024-01-03T21:10:05,65,ZA,147400,509,1879,2000000,The long awaited FACE REVEAL has finally arrived.ğŸ¤­ Thank you to all of those who supported me â¤ï¸! Cheers to new beginnings and happy new year ! â¤ï¸ğŸ¥‚#__dance__tutorialss_ #facereveal ,False,FACE REVEAL ,__dance__tutorialss_,ğŸ’œDance tutorialsâ¤ï¸,1700000,159,19100000,1267,38800,False,,,
7353302029860605190,2024-04-03T00:07:27,41,ZA,212900,4504,612,8000000,How many do you know ? â¤ï¸â€ğŸ”¥ #__dance__tutorialss_ ,False,ğŸ‡¿ğŸ‡¦;ğŸ‡¿ğŸ‡¦;1.BULA NTHWEO;TOP AMAPIANO 2024 ;2.THULA MABOTA;3. TSHWALA BAM ;4.WADIBUSA,__dance__tutorialss_,ğŸ’œDance tutorialsâ¤ï¸,1700000,159,19100000,1267,38800,False,,,
7452113557086309637,2024-12-25T06:46:45,8,MA,2391,12,80,39000,#marocoğŸ‡²ğŸ‡¦algeriağŸ‡©ğŸ‡¿tunisiağŸ‡¹ğŸ‡³ #fyp ,False,,douaekadaouii,douaekadaouii,1600000,143,22000000,672,5943,False,,,
7448978784562334982,2024-12-16T20:02:15,15,MA,760,7,25,15600,#marocoğŸ‡²ğŸ‡¦algeriağŸ‡©ğŸ‡¿tunisiağŸ‡¹ğŸ‡³ ,False,,douaekadaouii,douaekadaouii,1600000,143,22000000,672,5943,False,,,
7446804167777127686,2024-12-10T23:23:35,57,MA,14400,196,491,332400,â€ Ø§Ø¹Ø·ÙˆÙ†ÙŠ Ø±Ø£ÙŠÙƒÙ… Ø§Ø­Ø¨ÙƒÙ… ÙƒØ«ÙŠØ±Ø§ ğŸ©·ğŸŒ¸ I love you so much #ma#marocoğŸ‡²ğŸ‡¦algeriağŸ‡©ğŸ‡¿tunisiağŸ‡¹ğŸ‡³y#fyp,False,,douaekadaouii,douaekadaouii,1600000,143,22000000,672,5943,False,,,
7466851604495404294,2025-02-02T23:57:50,14,MA,1109,24,30,32900,â€ØªØµÙˆÙŠØ± Ø¨Ø±Ù…ÙŠğŸ˜‚#marocoğŸ‡²ğŸ‡¦algeriağŸ‡©ğŸ‡¿tunisiağŸ‡¹ğŸ‡³ ,False,,douaekadaouii,douaekadaouii,1600000,143,22000000,672,5943,False,,,
7479283859981470981,2025-03-08T12:01:26,6,MA,55000,556,348,556100,ğŸ¥¹,False,"Ø¨Ù†Ø§Ø§Ø§Ø§Ø§Øª
 ÙˆØµÙ„Øª Ù„Ù„Ù…Ø±Ø­Ù„Ø©
Ø¹Ù… Ø´ÙˆÙ ÙÙŠÙ‡Ø§ Ø´ÙƒÙ„ÙŠ Ø¨Ø§Ù„Ø­Ø¬Ø§Ø¨ Ø§Ø­Ù„Ù‰ Ù…Ù†
Ø´Ø¹Ø±Ø§ØªÙŠ ğŸ§•ğŸ»ğŸ¤",naiss_officiel_48,Nada Mh ğŸ•Šï¸,3800000,90,34500000,533,13100,False,,,
7479281135466466615,2025-03-08T11:50:49,7,MA,5937,49,70,101300,ğŸ¤,False,,naiss_officiel_48,Nada Mh ğŸ•Šï¸,3800000,90,34500000,533,13100,False,,,
7479281110858452230,2025-03-08T11:50:43,11,MA,10100,53,78,130100,ğŸ¥¹,False,,naiss_officiel_48,Nada Mh ğŸ•Šï¸,3800000,90,34500000,533,13100,False,,,
7474253376872566021,2025-02-22T22:40:29,28,BJ,428000,3739,4546,3200000,Je kiff trop @Kidy_soldat_du_Christ x @DJESS ğŸ˜ğŸ‡¨ğŸ‡®,False,,ks_bloom,Disciple,3500000,260,25900000,369,3438,True,,,
7344809508058811653,2024-03-11T02:52:09,27,CI,382800,7815,3780,4200000,satan dehors ! ,False,,ks_bloom,Disciple,3500000,260,25900000,369,3438,True,,,
7269775268074523909,2023-08-21T22:00:57,58,CI,842700,62900,10100,11800000,DIVORCE ğŸ’™ğŸ’,False,,ks_bloom,Disciple,3500000,260,25900000,369,3438,True,,,
7480521451741793591,2025-03-11T20:03:54,109,US,50000,1594,1283,222800,JÃ‰SUS ğŸ¤ ğŸ•Šï¸ ğŸ¤²,False,,ks_bloom,Disciple,3500000,260,25900000,369,3438,True,,,
7482408213535558967,2025-03-16T22:05:26,233,CM,63800,4390,3009,417400,Les 2 types de personnes â€¦ #pourtoi ,False,,ks_bloom,Disciple,3500000,260,25900000,369,3438,True,,,
7034800733383855361,2021-11-26T16:59:43,28,ZA,235700,1466,1530,4100000,#duet with @benjie.st.music I tried ğŸ’” I canâ€™t believe couldnâ€™t even start singing my own song because itâ€™s brings so many memories. #mamabafana #fyp,False,,nelisiwesibiya,Nelisiwe Sibiya,3300000,397,42800000,1891,18800,True,,,
7485045122942487863,2025-03-24T00:38:02,176,ZA,2720,6,42,27400,Inzalo yakwa Sibiya No Mngomezulu ğŸ¥¹â¤ï¸ #family #nelisiwesibiya #emakhaya ,False,,nelisiwesibiya,Nelisiwe Sibiya,3300000,397,42800000,1891,18800,True,Eshowe,"KwaZulu-Natal, South Africa",
7484663125925580037,2025-03-22T23:55:40,5,ZA,87000,1785,383,880000,,False,,nelisiwesibiya,Nelisiwe Sibiya,3300000,397,42800000,1891,18800,True,,,
7193593788919483653,2023-01-28T14:58:05,58,ZA,840100,19100,8818,5700000,Sithunyiwe says eNkandla â¤ï¸ #umnqoma ,False,,nelisiwesibiya,Nelisiwe Sibiya,3300000,397,42800000,1891,18800,True,,,
7412695235446213894,2024-09-10T01:23:30,51,ZA,360600,1285,1900,7700000,Nganitshela that ngikhulisa i gosa la! @Princess OmiNgeNtandoyenkosi Sibiya. She listened to Umaskandi ezalwa! #omingentandoyenkosisibiya #isintu #maskandi #music #ibhinca ,False,,nelisiwesibiya,Nelisiwe Sibiya,3300000,397,42800000,1891,18800,True,,,
7472668187105053974,2025-02-18T16:09:14,59,NG,825,23,142,7139,Iyi zero Oba came through for me that dayğŸ™ğŸ¼ğŸ˜­.  All thanks to God Almighty for the gift of life.  I wonâ€™t stop thanking this God#playwills ,False,"Just help me type
â€œThank you Lordâ€;Today makes it 2yrs
I was shot at and KidnappedÂ ",playwills,(Playwills)ï£¿ ï£¿ ï£¿,1900000,5684,19200000,2871,39400,False,,,
7485463841208339734,2025-03-25T03:42:49,59,GH,445,1,58,3131,Hope I triedğŸ˜‚ğŸ¥°#playwills ,False,"A letter to all Beautiful 
Igbo Ladies out thereğŸ¥°",playwills,(Playwills)ï£¿ ï£¿ ï£¿,1900000,5684,19200000,2871,39400,False,,,
7460572391769394454,2025-01-17T01:51:15,30,NG,1077,3,81,13400,"I understand this Side of me may not sit well with most of you viewers especially some of you who started following me after you saw a prayer video I made. The truth is, This part of me have been in existence before I got up to 100k followers on this app. It is what feeds me and what took me viral and gave me the fan base I have today. Would you have been happy to see me beg for food or use Godâ€™s name to extort money from people like so many so called Ministers on this app?  Iâ€™m well pleased to see how many fans and families Iâ€™ve made so far on this Black App. Honestly it saddens my heart to see how most of you think that the Female Character I play in my videos got effect on me or my spiritual life. I started TikTok about 5yrs ago and I started with feminine contents which is what gave me the exposure I have today on this app. Please, This is just a content and what puts food on my table. My Friday Prayers still stands and nothing will ever come between me and my services to God. Please kindly flow with me and i will appreciate every effort and support youâ€™d give to help me grow this accountâ¤ï¸ğŸ™ğŸ¼#playwills #lastbornwills ",False,To everyone who started following my prayer session and not understanding my Lastborn contentsÂ ;Pls read the write up in the description below ğŸ‘‡ğŸ½Â ,playwills,(Playwills)ï£¿ ï£¿ ï£¿,1900000,5684,19200000,2871,39400,False,,,
7485449572341353750,2025-03-25T02:47:25,59,GH,786,9,61,5633,A word is enough #playwills ,False,A word for the wiseâ¤ï¸,playwills,(Playwills)ï£¿ ï£¿ ï£¿,1900000,5684,19200000,2871,39400,False,,,
7390348945391734049,2024-07-11T20:08:35,93,NG,51300,716,12600,316100,Future wife please respond ohğŸ˜©ğŸ¥°#playwills ,False,Letter to my future wife,playwills,(Playwills)ï£¿ ï£¿ ï£¿,1900000,5684,19200000,2871,39400,False,,,
7484982354734370054,2025-03-23T20:34:25,15,ZA,17700,82,57,175700,ğŸ’‹â¤ï¸,False,,neevan_ferris,Neevan Ferris,3700000,280,76500000,2230,25500,True,,,
7484220831459970309,2025-03-21T19:19:20,10,ZA,13300,309,68,172100,IB: @ğŸ¦‹elSeÃ±iorağŸ¦‹ I feel it coming,False,"When your mental health starts feelings 
Like you need a new tattoo",neevan_ferris,Neevan Ferris,3700000,280,76500000,2230,25500,True,,,
7484606696967490871,2025-03-22T20:16:42,38,ZA,9506,89,33,88600,What should we do today?ğŸŒ¸,False,,neevan_ferris,Neevan Ferris,3700000,280,76500000,2230,25500,True,,,
7483576194382761221,2025-03-20T01:37:48,33,ZA,9184,98,48,100300,Replying to @camrin.ğŸ«§ Think we might have found his backup careerğŸ˜…,False,,neevan_ferris,Neevan Ferris,3700000,280,76500000,2230,25500,True,,,
7483212857157455109,2025-03-19T02:07:53,163,ZA,18000,50,157,151700,Did you hear what that guy saidğŸ¤£ğŸ˜­ğŸ’€,False,,neevan_ferris,Neevan Ferris,3700000,280,76500000,2230,25500,True,,,
6978979512629447938,2021-06-29T06:45:03,21,MA,8700000,44100,78600,99900000,#sabriayoub #foryĞ¾u #fyp,False,,sabri_ayoub,Sabri ayoub,15600000,129,686000000,1610,19200,False,,,
7290188839958662405,2023-10-15T22:16:02,20,MA,25400,2256,678,330100,ğŸ‡µğŸ‡¸ ,False,,sabri_ayoub,Sabri ayoub,15600000,129,686000000,1610,19200,False,,,
7384516730619563270,2024-06-26T02:56:28,56,MA,83100,540,303,1100000,#sabriayoub #fyp ,False,,sabri_ayoub,Sabri ayoub,15600000,129,686000000,1610,19200,False,,,
6962110566139809026,2021-05-14T19:44:46,17,ZA,1400000,2626,17100,17300000,"Reply to @samsaidbam one of these suits is Designer, the other about $200 off the rack! Can anyone tell the difference? #mensfashion #menstyle",False,"CAN YOU 
Spot The
â€˜Cheapâ€™
Suit? ;Is It...;A;b;A;b",whatmyboyfriendwore,Sergio InÃªs,1100000,528,9400000,384,8642,True,,,
6956905997092916482,2021-04-30T19:08:24,12,ZA,1300000,52800,17000,11800000,Reply to @i.am_jamie How about these fits? #mensfashion #menstyle #menswear #tiktokfashion - credit to @wisdm8 for the original video ğŸ™Œ,False,"LETS KEEP 
IT CASUAL",whatmyboyfriendwore,Sergio InÃªs,1100000,528,9400000,384,8642,True,,,
7007397783883762945,2021-09-13T20:42:17,10,ZA,112500,2658,1255,2000000,Why are people so rigid when it comes to #mensfashion ? Do you agree? #menswear #mzansifab #tiktokfashion,False,"Things I hear from menâ€¦;â€œSuits are really boringâ€;â€œStreetwear canâ€™t
 be elegantâ€;â€œFormalwear should
always matchâ€;BREAKING
THE RULES!",whatmyboyfriendwore,Sergio InÃªs,1100000,528,9400000,384,8642,True,,,
7480797145122016518,2025-03-12T13:53:43,25,ZA,950,19,62,22500,"Premium means you get what you pay for. Expensive? Thatâ€™s often just paying for a name.  Designer brands charge for prestige, not necessarily qualityâ€¦ your money funds celebrity campaigns and flashy stores, not superior craftsmanship. Iâ€™m all for buy less, choose wisely. Invest in real quality, not just a label. Unless itâ€™s status youâ€™re after, skip the overpriced designer hype. #mensstyle #designer #mensfashiontips ",False,,whatmyboyfriendwore,Sergio InÃªs,1100000,528,9400000,384,8642,True,,,
7481206427042794758,2025-03-14T19:05:00,58,ZA,711,6,63,12800,"You asked, I listened! Styling a peacoat in two different ways, dressed up or dressed down. Let me know which look you prefer in the comments!#MensFashion #mensweardaily #menswear",False,,whatmyboyfriendwore,Sergio InÃªs,1100000,528,9400000,384,8642,True,,,
7198787205211475206,2023-02-11T14:51:13,15,ZA,727300,12200,3579,17900000,typical Friday afternoon when all is done #momanddaughter #amapiano #lovelife #fyp ,False,,zarithebosslady10,zarithebosslady,2800000,56,38000000,926,1185,True,,,
7136236536877681926,2022-08-27T01:22:31,30,ZA,1300000,16100,8351,20500000,looks like I've been playing alot of Nigerian music in our home ğŸ˜ğŸ¤¦â€â™€ï¸ğŸ¤¦â€â™€ï¸ğŸ¤¦â€â™€ï¸,False,,zarithebosslady10,zarithebosslady,2800000,56,38000000,926,1185,True,,,
7484535055201717559,2025-03-22T15:38:47,61,ZA,13600,38,276,115600,"Ya Allah may my duas this Ramadan be my reality next year the same time inshallah, Ameen  #dua #prayer #Ramadan ",False,,zarithebosslady10,zarithebosslady,2800000,56,38000000,926,1185,True,,,
7484763903629544709,2025-03-23T06:26:46,117,ZA,12100,88,358,115700,"O Allah, relieve the worries of the distressed, O Allah, compensate those who are patient and deprived, O Allah, bring peace and comfort to the hearts burdened with sorrow Ameeen #dua #Ramadan ",False,,zarithebosslady10,zarithebosslady,2800000,56,38000000,926,1185,True,,,
7485212167118015799,2025-03-24T11:26:14,61,ZA,15600,84,286,147200,MY GOAL IS TO BUILD A LIFE I DON'T NÃ‰ED AVACATION FROM. @Lesus Executive Concierge @Lesus Private Jets ,False,,zarithebosslady10,zarithebosslady,2800000,56,38000000,926,1185,True,,,
7269519980582931718,2023-08-21T05:30:19,9,MA,30,1,0,239,#fyp #foryou #marocaineğŸ‡²ğŸ‡¦ #aljiryyÃ¡ğŸ‡©ğŸ‡¿ #tunisiağŸ‡¹ğŸ‡³ @TikTok @Mahmoud Fadl Ù…Ø­Ù…ÙˆØ¯ ÙØ¶Ù„ ,False,,yassinefaouzi,yassine faouzi,744,346,103,2,8830,False,,,
7301424852987088134,2023-11-15T04:57:34,10,MA,20,1,0,402,,False,,yassinefaouzi,yassine faouzi,744,346,103,2,8830,False,,,
7085032993709952262,2022-04-11T01:46:33,7,US,37000,255,380,198100,,False,When he is an â€œA1pha ma1eâ€ with a podcast,kofogt,Nigerian Barbie ğŸ‘‘,981900,95,24100000,1749,30300,True,,,
6896543652148006146,2020-11-19T03:11:40,14,US,586800,983,1987,8500000,#kofogt,False,,kofogt,Nigerian Barbie ğŸ‘‘,981900,95,24100000,1749,30300,True,,,
7453071154786471173,2024-12-27T20:42:41,15,GB,68,0,0,915,Why donâ€™t you trust me? #trust #trustme #womeninmalefieldstrend #womeninmenfileds #womeninmensworld #womeninmaledominatingfields #womeninmaledominatingroles #kofogt #kofoworolagt ,False,When he goes through my phone and sees other guys Iâ€™m texting and I ask him why he didnâ€™t trust me,kofogt,Nigerian Barbie ğŸ‘‘,981900,95,24100000,1749,30300,True,London Bridge,"London EC4R 9HA, United Kingdom",Southwark
7020873182957587717,2021-10-20T04:13:43,15,US,71800,976,2636,180800,,False,,kofogt,Nigerian Barbie ğŸ‘‘,981900,95,24100000,1749,30300,True,,,
7453078325825768710,2024-12-27T21:10:29,12,GB,33,0,6,1016,Married today #married #yoruba #nigerianwedding #nigerianweddingdress #weddingdress #happy #oyinbo #interracialcouple ,False,"Getting married as a Nigerian girl;No longer kofogt
Now Iâ€™m kofohÂ ",kofogt,Nigerian Barbie ğŸ‘‘,981900,95,24100000,1749,30300,True,United Kingdom Inn,"14 Bloxwich Rd N, Willenhall WV12 5PG, United Kingdom",Walsall
7484628358286920982,2025-03-22T21:40:43,16,AE,14900,600,43,273200,ğŸ¤£ğŸ¤£ğŸ¤£,False,Whenever my husband tries to hide from meâ€¦,dontaikaory,Dontai and Kaory,2500000,65,158900000,2274,12800,False,,,
7473124746423438614,2025-02-19T21:40:49,18,AE,478700,57600,1048,12100000,Whenever heâ€™s aroundğŸ¥°,False,,dontaikaory,Dontai and Kaory,2500000,65,158900000,2274,12800,False,,,
7483891018320874774,2025-03-20T21:59:28,11,AE,3530,227,35,92700,Work smart not hardğŸ¤£ fits from @boohooman ,False,,dontaikaory,Dontai and Kaory,2500000,65,158900000,2274,12800,False,,,
7485334074601639190,2025-03-24T19:19:19,47,AE,4446,68,20,92000,Banana bread with chocolate chipsğŸ˜ğŸ˜ğŸ˜,False,Suhoor Snack PrepÂ ,dontaikaory,Dontai and Kaory,2500000,65,158900000,2274,12800,False,,,
7472727133022850326,2025-02-18T19:57:53,14,AE,740200,191900,5464,17800000,Maybe we are snapping the wrong wayâ€¦,False,,dontaikaory,Dontai and Kaory,2500000,65,158900000,2274,12800,False,,,
7484535310886522117,2025-03-22T15:39:44,8,ZA,5681,10,17,49700,I wanna cut my hair again ğŸ˜­ğŸ˜­ğŸ˜­,False,,jessicamashaba20,Jessica Mashaba,4300000,202,238300000,6331,91000,True,,,
7484272330672327941,2025-03-21T22:39:11,8,ZA,34400,60,251,250200,?????,False,,jessicamashaba20,Jessica Mashaba,4300000,202,238300000,6331,91000,True,,,
7483414858294185221,2025-03-19T15:11:46,10,ZA,11200,55,63,66500,Oh yes ğŸ¥¹ğŸ§â€â™‚ï¸! Thatâ€™s a man right there !!!!!! ,False,A man like Reason please ğŸ™ğŸ¿,jessicamashaba20,Jessica Mashaba,4300000,202,238300000,6331,91000,True,,,
7484537062633508101,2025-03-22T15:46:31,15,ZA,8332,25,137,65400,ğŸ˜­ğŸ˜­ğŸ˜­ğŸ¤šğŸ¾I donâ€™t watch BB GUYSSSSSSAS,False,For everyone commenting â€œvote for sweet Guluvaâ€,jessicamashaba20,Jessica Mashaba,4300000,202,238300000,6331,91000,True,,,
7484271953134619959,2025-03-21T22:37:43,8,ZA,12600,11,28,89500,TRANSITION ! ğŸ’‹ğŸ¤­ @Laidbyzethu ,False,,jessicamashaba20,Jessica Mashaba,4300000,202,238300000,6331,91000,True,,,
7484549059676572934,2025-03-22T16:33:04,24,ZA,2324,173,82,16100,#onthisday,False,"ON THIS DAY;Mar 22, 2021",nafeesashraf4,Nafees Ashraf.  ğŸ‡¿ğŸ‡¦,1400000,2962,52700000,2644,40900,False,,,
7482429095951879429,2025-03-16T23:26:29,21,ZA,12400,1271,303,102800,,False,,nafeesashraf4,Nafees Ashraf.  ğŸ‡¿ğŸ‡¦,1400000,2962,52700000,2644,40900,False,Johannesburg @town,"Johannesburg, South Africa",Johannesburg
7485020066120092983,2025-03-23T23:00:45,16,ZA,18300,2304,434,193000,#nafeesashraf4 ,False,,nafeesashraf4,Nafees Ashraf.  ğŸ‡¿ğŸ‡¦,1400000,2962,52700000,2644,40900,False,,,
7482313038922632503,2025-03-16T15:56:12,20,ZA,1446,80,58,10100,#SAMA28 #nafeesashraf4 #freePalestine ,False,,nafeesashraf4,Nafees Ashraf.  ğŸ‡¿ğŸ‡¦,1400000,2962,52700000,2644,40900,False,,,
7485272255375723782,2025-03-24T15:19:29,31,ZA,1571,54,78,7961,#SAMA28 #nafeesashraf4 ,False,,nafeesashraf4,Nafees Ashraf.  ğŸ‡¿ğŸ‡¦,1400000,2962,52700000,2644,40900,False,Johannesburg @town,"Johannesburg, South Africa",Johannesburg
7478506558016556295,2025-03-06T09:45:02,15,MA,90,7,5,1896,,False,,amiraamouratchama,ğŸ‡²ğŸ‡¦Amira Amourat ChamalğŸ‡²ğŸ‡¦,1000000,333,5100000,1258,16100,False,,,
7478406589490220305,2025-03-06T03:17:17,58,MA,100,3,2,2334,Ø±Ù…Ø¶Ø§Ù† Ù…Ø¨Ø§Ø±Ùƒ ğŸŒ™ ,False,Ø±Ù…Ø¶Ø§Ù† ÙƒØ±ÙŠÙ… ğŸŒ™Â ;Ø¨ØµØ­Ø© ÙˆØ¹Ø§ÙÙŠØ© ğŸ¤;ØªÙ…Ø§ Ø­Ø¨ÙŠ ØªÙ…Ø§Â ,amiraamouratchama,ğŸ‡²ğŸ‡¦Amira Amourat ChamalğŸ‡²ğŸ‡¦,1000000,333,5100000,1258,16100,False,,,
7482873885399059767,2025-03-18T04:12:31,18,MA,58,1,3,877,,False,,amiraamouratchama,ğŸ‡²ğŸ‡¦Amira Amourat ChamalğŸ‡²ğŸ‡¦,1000000,333,5100000,1258,16100,False,,,
7484884216132504837,2025-03-23T14:13:41,29,MA,28,3,3,402,,False,,amiraamouratchama,ğŸ‡²ğŸ‡¦Amira Amourat ChamalğŸ‡²ğŸ‡¦,1000000,333,5100000,1258,16100,False,,,
7484793193641364791,2025-03-23T08:20:24,96,MA,99,8,7,1531,,False,,amiraamouratchama,ğŸ‡²ğŸ‡¦Amira Amourat ChamalğŸ‡²ğŸ‡¦,1000000,333,5100000,1258,16100,False,,,
7476208063553277239,2025-02-28T05:05:41,15,MA,4102,60,16,122800,ğŸ˜‚,False,,sara_erragragui,Ø§Ù„Ø±ÙƒØ±Ø§ÙƒÙŠ Ø³Ø§Ø±Ø©,1900000,750,42500000,2974,5482,False,,,
7484267727331331333,2025-03-21T22:21:17,20,MA,4236,67,36,102600,,False,,sara_erragragui,Ø§Ù„Ø±ÙƒØ±Ø§ÙƒÙŠ Ø³Ø§Ø±Ø©,1900000,750,42500000,2974,5482,False,,,
7476204864385600823,2025-02-28T04:53:17,31,MA,1834,17,9,47100,#Ù„Ø§_Ù„ØºÙ„Ø§Ø¡_Ø§Ù„Ø§Ø³Ø¹Ø§Ø±_ÙÙŠ_Ø§Ù„Ù…ØºØ±Ø¨ ,False,,sara_erragragui,Ø§Ù„Ø±ÙƒØ±Ø§ÙƒÙŠ Ø³Ø§Ø±Ø©,1900000,750,42500000,2974,5482,False,,,
7477220399550418231,2025-03-02T22:34:04,70,MA,3353,160,16,132700,,False, Ø§Ù†Ø³ØªØºØ±Ø§Ù… :Sara erragragui,sara_erragragui,Ø§Ù„Ø±ÙƒØ±Ø§ÙƒÙŠ Ø³Ø§Ø±Ø©,1900000,750,42500000,2974,5482,False,,,
7477241541136747831,2025-03-02T23:56:09,121,MA,8261,254,105,218900,,False,,sara_erragragui,Ø§Ù„Ø±ÙƒØ±Ø§ÙƒÙŠ Ø³Ø§Ø±Ø©,1900000,750,42500000,2974,5482,False,,,
7394506231148186900,2024-07-23T01:00:57,32,MA,16200,167,120,337500,#ëª¨ë¡œì½” #ì—¬í–‰ #trending #fypã‚· #kimmiso ,False,,kimmiso94,ğŸ’›ê¹€ë¯¸ì†ŒKimmisoğŸ¹,1300000,571,37200000,1068,6458,False,,,
7417537788750433553,2024-09-23T02:35:12,40,KR,18500,451,238,437300,#DesertDance music video is out on my channel #KimMiso  Ø§Ù„ÙÙŠØ¯ÙŠÙˆ Ù†Ø²Ù„ ÙŠ Ø¨Ù†Ø§Øª Ø¹Ù„Ù‰ Ù‚Ù†Ø§ØªÙŠ Ù„Ø§ ÙŠÙÙˆØªÙƒÙ… #DesertDanceChallenge #fypã‚· ,False,,kimmiso94,ğŸ’›ê¹€ë¯¸ì†ŒKimmisoğŸ¹,1300000,571,37200000,1068,6458,False,South Korea,Asia,
7451265654650408200,2024-12-22T23:56:22,52,KR,16300,594,406,330000,#kimmiso #fypã‚· #award #í•œë¥˜ëŒ€ìƒ #ìƒ ,False,"Ø§ÙˆÙ„ Ù…ØºØ±Ø¨ÙŠØ© ØªØ­ØµÙ„ Ø¹Ù„Ù‰ Ø§ÙØ¶Ù„ Ø¬Ø§Ø¦Ø²Ø©
Ù„Ù…Ø´Ù‡ÙˆØ±Ø© Ù…ØºÙ†ÙŠØ© Ø¹Ø±Ø¨ÙŠØ© ÙÙŠ ÙƒÙˆØ±ÙŠØ§ Ø§Ù„Ø¬Ù†ÙˆØ¨ÙŠØ© ğŸ‡°ğŸ‡·ğŸ‡²ğŸ‡¦",kimmiso94,ğŸ’›ê¹€ë¯¸ì†ŒKimmisoğŸ¹,1300000,571,37200000,1068,6458,False,South Korea,Asia,
7485003140446686471,2025-03-23T21:55:03,198,KR,487,9,14,6616,ÙŠØ¯Ø¹Ù… Ø£Ù†Ø´Ø·Ø© Ø§Ù„ÙÙ†Ø§Ù†ÙŠÙ† Ù…Ù† Ø®Ù„Ø§Ù„ ØªÙ…ÙˆÙŠÙ„ Ø§Ù„Ù…Ø¹Ø¬Ø¨ÙŠÙ† ÙˆØ§Ù„ØªÙˆØ§ØµÙ„ Ù…Ø¹Ù‡Ù…. Ù‡Ø°Ø§ Ø§Ù„Ù…Ø´Ø±ÙˆØ¹ Ù…Ø®ØµØµ Ù„Ø¥Ù†ØªØ§Ø¬ Ø§Ù„Ø£ØºÙ†ÙŠØ© Ø§Ù„Ø±Ù‚Ù…ÙŠØ© Ø§Ù„Ù…Ø´ØªØ±ÙƒØ© Ø¨ÙŠÙ† ÙƒÙŠÙ… Ù…ÙŠØ³Ùˆ Ã— Ø¨ÙŠÙ† Ø³ÙŠØ¬ÙŠÙ†! âœ… ÙØªØ±Ø© Ø§Ù„ØªÙ…ÙˆÙŠÙ„: 24 ÙØ¨Ø±Ø§ÙŠØ± 2025 - 31 Ù…Ø§Ø±Ø³ 2025 (KST) âœ… Ø·Ø±ÙŠÙ‚Ø© Ø§Ù„Ø¯ÙØ¹: PayPal (Ø§Ù„Ø¨Ø±ÙŠØ¯ Ø§Ù„Ø¥Ù„ÙƒØªØ±ÙˆÙ†ÙŠ Ø§Ù„Ù…Ø³ØªÙ„Ù…: admin@dallala.net) Ø§Ù„Ø¯Ù„ÙŠÙ„: https://url.kr/lsm1k2 (~2:23) ğŸ”¹ Ø§Ù„Ù…ÙƒØ§ÙØ¢Øª â‘  Ø§Ù„Ø¯Ø§Ø¹Ù…ÙŠÙ† Ø¨Ù€ 10$ Ø£Ùˆ Ø£ÙƒØ«Ø±: Ø§Ù„Ø­ØµÙˆÙ„ Ø¹Ù„Ù‰ Ø§Ù„Ø£ØºÙ†ÙŠØ©ØŒ ØµÙˆØ± Ø­ØµØ±ÙŠØ© ØºÙŠØ± Ù…Ù†Ø´ÙˆØ±Ø©ØŒ ÙˆØ±Ø³Ø§Ù„Ø© Ø´ÙƒØ±. â‘¡ Ø£ÙØ¶Ù„ 10 Ø¯Ø§Ø¹Ù…ÙŠÙ†: ÙØ±ØµØ© Ù„Ù„Ù…Ø´Ø§Ø±ÙƒØ© ÙÙŠ Ø­Ø¯Ø« Ù…ÙƒØ§Ù„Ù…Ø© ÙÙŠØ¯ÙŠÙˆ. ÙŠÙ…ÙƒÙ†Ùƒ Ø§Ù„ØªÙ‚Ø¯ÙŠÙ… Ù„Ø£Ø­Ø¯ Ø§Ù„ÙÙ†Ø§Ù†ÙŠÙ† Ø§Ù„Ù…Ø´Ø§Ø±ÙƒÙŠÙ†. ğŸ“Œ Ù…Ù„Ø§Ø­Ø¸Ø§Øª ÙŠØ±Ø¬Ù‰ Ù…Ù„Ø¡ Ø§Ù„Ù†Ù…ÙˆØ°Ø¬ Ø¨Ø¹Ø¯ Ø§Ù„Ø¥ÙŠØ¯Ø§Ø¹. (ØªØ£ÙƒØ¯ Ù…Ù† Ø¥Ø¯Ø®Ø§Ù„ Ø¬Ù…ÙŠØ¹ Ø§Ù„Ù…Ø¹Ù„ÙˆÙ…Ø§Øª Ø¨Ø¯Ù‚Ø© Ù„Ù„ØªØ­Ù‚Ù‚ Ù…Ù† ØªÙØ§ØµÙŠÙ„ Ø§Ù„Ø­ÙˆØ§Ù„Ø©.) Ù‚Ø¯ ØªØ®Ø¶Ø¹ ØªÙØ§ØµÙŠÙ„ Ù‡Ø°Ø§ Ø§Ù„Ù…Ø´Ø±ÙˆØ¹ Ù„Ù„ØªØºÙŠÙŠØ± ÙˆÙÙ‚Ù‹Ø§ Ù„Ø¸Ø±ÙˆÙ Ø§Ù„ÙÙ†Ø§Ù† ÙˆØ§Ù„ÙˆÙƒØ§Ù„Ø©. Ø³ÙŠØªÙ… Ø§Ù„Ø¥Ø¹Ù„Ø§Ù† Ø¹Ù† Ø¥Ø¬Ù…Ø§Ù„ÙŠ Ù…Ø¨Ù„Øº Ø§Ù„ØªÙ…ÙˆÙŠÙ„ Ø§Ù„Ù†Ù‡Ø§Ø¦ÙŠ Ø¨Ø¹Ø¯ Ø§Ù†ØªÙ‡Ø§Ø¡ ÙØªØ±Ø© Ø§Ù„ØªÙ…ÙˆÙŠÙ„,False,,kimmiso94,ğŸ’›ê¹€ë¯¸ì†ŒKimmisoğŸ¹,1300000,571,37200000,1068,6458,False,,,
7483144336276786487,2025-03-18T21:42:00,10,ZA,2131,6,56,30500,Talking Cinderella stories bout me ğŸ¥´ğŸ˜‚ tf?!,False,They are talking lies about youÂ ,amanda.dupont,Amanda du-Pont,1300000,65,7800000,459,597,True,,,
6908714202291096834,2020-12-21T22:19:36,10,ZA,225700,4818,1488,5700000,Sorry took a break-was shooting ğŸ¤âœ¨,False,,amanda.dupont,Amanda du-Pont,1300000,65,7800000,459,597,True,,,
7485380130282523959,2025-03-24T22:17:59,7,ZA,4390,14,56,51400,here today gone tomorrow NonoğŸ˜‚,False,no gamesÂ ,amanda.dupont,Amanda du-Pont,1300000,65,7800000,459,597,True,,,
7208576679898369285,2023-03-09T23:59:14,9,ZA,239500,562,921,3800000,How long you been dating your boo? When English looses networkğŸ˜‚ #fyp #savelesahambasingisi ,False,,amanda.dupont,Amanda du-Pont,1300000,65,7800000,459,597,True,,,
7192264773604543749,2023-01-25T01:00:40,11,ZA,127100,724,292,2600000,Does anyone else have family like this ğŸ˜•? #fyp #siblings #secondhome ,False,POV: MY SISTERS OVERSTAYING THEIR WELCOME AT MY HOUSE,amanda.dupont,Amanda du-Pont,1300000,65,7800000,459,597,True,,,
7484005933236981047,2025-03-21T05:25:24,77,MA,12200,502,102,1800000,Ø§Ø­ØµÙ„ Ø¹Ù„Ù‰ Ù…Ù†ØªØ¬Ø§Øª Ù‚ÙŠÙ…Ø© ÙˆØ¹Ù…Ù„ÙŠØ© Ù…Ù‚Ø§Ø¨Ù„ 0DH- ÙƒÙ„ Ù…Ø§ ØªØ±ÙŠØ¯Ù‡ Ù…ÙˆØ¬ÙˆØ¯ Ù‡Ù†Ø§ ! Ø­Ù…Ù„ ØªØ·Ø¨ÙŠÙ‚ Temu ÙˆØ§Ø¨Ø­Ø« ğŸ” Ø¹Ù† Ø±Ù…Ø² Ø§Ù„Ø®Ø§Øµ Ø¨ÙŠ  dwc2462 Ø§Ùˆ Ø§Ù†Ù‚Ø± Ø¹Ù„Ù‰ Ø§Ù„Ø±Ø§Ø¨Ø· ğŸ”— ÙÙŠ ÙˆØµÙ Ø§Ù„Ø­Ø³Ø§Ø¨ Ù„ØªØ­ØµÙ„ Ø¹Ù„Ù‰ Ø§Ù„Ø¹Ø¯ÙŠØ¯ Ù…Ù† Ø§Ù„Ù…Ù†ØªØ¬Ø§Øª Ø§Ù„Ø±Ø§Ø¦Ø¹Ø© Ø§Ù„ØªÙŠ Ù„Ø·Ø§Ù„Ù…Ø§ Ø­Ù„Ù…Øª Ø¨Ù‡Ø§ Ø¨Ø®ØµÙˆÙ…Ø§Øª ÙƒØ¨ÙŠØ±Ø©. Ø§Ù„ØªØ·Ø¨ÙŠÙ‚ Ù…ØªØ§Ø­ Ù„Ù…Ø³ØªØ®Ø¯Ù…ÙŠ Ø§Ù„Ø¬Ø¯Ø¯ ÙÙ‚Ø· . ØªØ·Ø¨Ù‚ Ø§Ù„Ø´Ø±ÙˆØ· ÙˆØ§Ù„Ø£Ø­ÙƒØ§Ù… . ğŸ” Code : dwc2462 or ğŸ”— to get it for $0 (new app users only with qualified orders) #temushopping @Temu ,True,,abdelhakeljamai,SA7IR ğŸª„ Ø§Ù„Ø³Ø§Ø­Ø±,2800000,25,39200000,249,56600,True,,,
7484364984391159095,2025-03-22T04:38:45,12,MA,1521,7,27,20000,ğŸ˜‚ğŸ’,False,,abdelhakeljamai,SA7IR ğŸª„ Ø§Ù„Ø³Ø§Ø­Ø±,2800000,25,39200000,249,56600,True,,,
7480307951169768759,2025-03-11T06:15:22,27,MA,7287,146,86,87000,ğŸ§ ğŸ”“,False,,abdelhakeljamai,SA7IR ğŸª„ Ø§Ù„Ø³Ø§Ø­Ø±,2800000,25,39200000,249,56600,True,,,
7478815427242528055,2025-03-07T05:43:36,37,MA,6406,195,101,70200,ğŸ˜ª,False,,abdelhakeljamai,SA7IR ğŸª„ Ø§Ù„Ø³Ø§Ø­Ø±,2800000,25,39200000,249,56600,True,,,
7478059979912662327,2025-03-05T04:52:05,49,MA,5515,130,69,51100,Ù‡Ø§Ø¯Ø´ÙŠ Ù„ÙŠ ØªÙŠØ¨ØºÙŠÙˆ ÙŠÙ‚ÙˆÙ„Ùˆ ÙÙŠ Ø§Ù„Ø­Ù‚ÙŠÙ‚Ø© ğŸ’”,False,,abdelhakeljamai,SA7IR ğŸª„ Ø§Ù„Ø³Ø§Ø­Ø±,2800000,25,39200000,249,56600,True,,,
7014075851272621313,2021-10-01T20:36:36,15,MA,240500,1526,652,2300000,ğŸ˜,False,,manal__kt,itsmanal,1200000,1397,22700000,2105,6275,False,,,
7013822133935688962,2021-10-01T04:12:03,15,MA,219600,1821,1254,2600000,ğŸ‡²ğŸ‡¦ğŸ‡©ğŸ‡¿,False,,manal__kt,itsmanal,1200000,1397,22700000,2105,6275,False,,,
7479564871357484293,2025-03-09T06:11:48,15,MA,812,15,5,9895,,False, â€œ Dont mind my lips â€œ,manal__kt,itsmanal,1200000,1397,22700000,2105,6275,False,,,
7479563649414090039,2025-03-09T06:07:04,11,MA,8130,471,22,121100,Ki sb3ğŸ˜,False,Ana b3dma 3srt 5kg dyal limon u khbit ela mama barba ou khizzoğŸ˜,manal__kt,itsmanal,1200000,1397,22700000,2105,6275,False,,,
7101638154955934981,2022-05-25T19:43:07,8,MA,137200,1026,425,1500000,â¤ï¸â¤ï¸â¤ï¸,False,Message l mamaâ¤ï¸ğŸ‘¸ :,manal__kt,itsmanal,1200000,1397,22700000,2105,6275,False,,,
7021166994632264962,2021-10-20T23:13:52,58,ZA,13400,9,70,165100,Go checkout the new vlog on my YouTube if you want ğŸ¤˜ğŸ¼ğŸ”¥ YouTube- Steegs Vlogs ğŸŒ´ #travel #animals #steegs,False,"I had the greatest experience of my life;Best experience 
of my life!",steegs_,Keegan,1700000,182,33600000,675,16400,True,,,
7355550795049209093,2024-04-09T01:33:49,30,ZA,475,2,11,13500,Donâ€™t put your finger anywhere near the bitey part ğŸ¤£ğŸ‘Š Nothing like catching your dinner ğŸ¦  #adventure #freediving #comedy #travel #capetown #ocean #nature #food #southafrica #steegs ,False,,steegs_,Keegan,1700000,182,33600000,675,16400,True,South Africa,Africa,
7356230656172559622,2024-04-10T21:32:00,40,ZA,2051,3,31,80000,"Abalone poaching is a massive problem in South Africa. Due to high demand from overseas markets, a person is easily recruited by gangs to put on a scuba tank and harvest the meat from these shells. The meat from a large abalone shell can be worth $1000 plus and busts of MILLIONS OF DOLLARS worth are not uncommon.  Unfortunately as someone who dives, the giant ones you see in the water you wonder how they are still there and hope for the best. Once you could dive your 4 a day and now you face a jail sentence if you're caught with one. It's a bitter sweat moment finding a pretty shell on the beach knowing that it was more than likely poached. This was just a fun and creative way to put these stunning shells to good use â¤ï¸ #ocean #travel #adventure #steegs #southafrica ",False,,steegs_,Keegan,1700000,182,33600000,675,16400,True,,,
7413361228766055686,2024-09-11T20:27:55,56,ZA,1274,1,17,28100,Use code: â€œ1000proâ€ with the link in my bio for 10% off ALL Jackery products. ğŸ˜ğŸ¤˜ #Jackery #steegs #JackeryExplorer1000pro #SolarGenerator #PortablePowerStation #OutdoorAdventure #Camping #HomeBackup,False,,steegs_,Keegan,1700000,182,33600000,675,16400,True,,,
7194795611093224709,2023-01-31T20:41:38,58,MZ,4694,3,41,40900,Private Jets are over rated ğŸ˜‰ IG: @steegs to follow all the adventures ğŸ”¥ #comedy #lol #travel #steegs ,False,,steegs_,Keegan,1700000,182,33600000,675,16400,True,,,
7485274883954461959,2025-03-24T15:29:35,12,ZA,3145,0,5,21300,Itâ€™s just her and I njeğŸ˜­,False,"Give me R10K or
Im exposing your gallery;My gallery:",refiloe.pinkpanther,PinkPanther,1100000,3173,25200000,1075,152300,True,,,
7482012678731386120,2025-03-15T20:30:32,33,ZA,7172,17,28,40800,A cheersğŸ¤­,False,Cheers ğŸ¥‚Â ;â€œOf courseâ€Â ;ğŸ˜­ğŸ˜­?;Cheers ğŸ¥‚Â ,refiloe.pinkpanther,PinkPanther,1100000,3173,25200000,1075,152300,True,,,
7481586574346554632,2025-03-14T16:57:05,47,ZA,3891,44,37,59400,Anjele njele ğŸ˜”ğŸ¤ŒğŸ¼,False,,refiloe.pinkpanther,PinkPanther,1100000,3173,25200000,1075,152300,True,,,
7482721485195349266,2025-03-17T18:21:06,73,ZA,9631,16,38,49700,Sheâ€™s so cute but hai manğŸ˜¹,False,Turn up volumeğŸ˜­ğŸ˜¹,refiloe.pinkpanther,PinkPanther,1100000,3173,25200000,1075,152300,True,,,
7482344113166241031,2025-03-16T17:56:42,15,ZA,17400,274,43,147000,@nğŸ¦â€ğŸ”¥â€¢Taylor's version.  Love you loads ke Nono ,False,"I love having a NhlanhlağŸ¥¹ 
everybody deserves a 
Nhlanhla in their lives. 
Just not MY NhlanhlaÂ ",refiloe.pinkpanther,PinkPanther,1100000,3173,25200000,1075,152300,True,,,
7483590265211456823,2025-03-20T02:32:25,14,ZA,50500,683,534,474300,The end tackleğŸ‘¹I love sneaking up on her when Iâ€™m boredğŸ˜‚ğŸ’€ #princesssachiko #sachi_hime96 #relatableanime ,False,Sneak Up,sachi_hime96,Princess Sachiko,19700000,93,362400000,2655,18900,True,,,
7483217638915673349,2025-03-19T02:26:26,13,ZA,29500,529,1036,406100,Kirby FellğŸ’€He couldnâ€™t handle the bumblebee vibes ğŸ˜ŒğŸ’“#princesssachiko #sachi_hime96 #relatableanime ,False,,sachi_hime96,Princess Sachiko,19700000,93,362400000,2655,18900,True,,,
7483211073915522310,2025-03-19T02:00:57,13,ZA,33400,608,967,485600,Round 3?ğŸ˜³Whoâ€™d win?ğŸ‘€Me emoting on you when the match is won ğŸ˜‚ğŸ’“ #princesssachiko #sachi_hime96 #relatableanime ,False,Round 3,sachi_hime96,Princess Sachiko,19700000,93,362400000,2655,18900,True,,,
7483581443919154487,2025-03-20T01:58:11,152,ZA,10800,126,457,126300,ğŸ˜³New YouTube video outâš ï¸Korean Skincare and Makeup HaulğŸ’“ğŸ¥°#princesssachiko #sachi_hime96 #relatableanime #sachiyoutube ,False,,sachi_hime96,Princess Sachiko,19700000,93,362400000,2655,18900,True,,,
7480266734394543365,2025-03-11T03:35:27,15,MA,7037,69,98,157900,â¤ï¸â¤ï¸ #Ø§Ù„Ø´Ø¹Ø¨_Ø§Ù„ØµÙŠÙ†ÙŠ_Ù…Ø§Ù„Ù‡_Ø­Ù„ ,False,,chekorsfamily,CHEKORS FAMILY |  Ø´Ù‚ÙˆØ±Ø² ÙØ§Ù…ÙŠÙ„ÙŠ,1100000,72,19400000,66,6575,False,,,
7316989478176902406,2023-12-27T03:36:15,14,MA,60900,257,325,1200000,Ø´Ù†Ùˆ ÙƒØ§Ù† ÙƒØ§ÙŠÙ‚ÙˆÙ„ÙŠ ØŸ ğŸ¤£â¤ï¸ğŸ« ,False,,chekorsfamily,CHEKORS FAMILY |  Ø´Ù‚ÙˆØ±Ø² ÙØ§Ù…ÙŠÙ„ÙŠ,1100000,72,19400000,66,6575,False,,,
7478842392733371703,2025-03-07T07:28:13,17,MA,615,8,14,8482,Ù…Ø§ Ø´Ø§Ø¡ Ø§Ù„Ù„Ù‡ â¤ï¸ #chekorsfamily ,False,,chekorsfamily,CHEKORS FAMILY |  Ø´Ù‚ÙˆØ±Ø² ÙØ§Ù…ÙŠÙ„ÙŠ,1100000,72,19400000,66,6575,False,,,
7479984295629622583,2025-03-10T09:19:26,32,MA,10400,278,77,212400,ğŸ˜ #Ø§Ù„Ø´Ø¹Ø¨_Ø§Ù„ØµÙŠÙ†ÙŠ_Ù…Ø§Ù„Ù‡_Ø­Ù„,False,,chekorsfamily,CHEKORS FAMILY |  Ø´Ù‚ÙˆØ±Ø² ÙØ§Ù…ÙŠÙ„ÙŠ,1100000,72,19400000,66,6575,False,,,
7261002702572801285,2023-07-29T06:38:57,21,MA,63900,1141,311,1300000,Ø§Ù„ØµÙŠÙ ÙŠØ­Ù„Ù‰ Ù Ø§Ù„Ø­Ø³ÙŠÙ…Ø© ğŸ’™ğŸŒŠ #CHEKORSFAMILY #foryou #fyp ,False,,chekorsfamily,CHEKORS FAMILY |  Ø´Ù‚ÙˆØ±Ø² ÙØ§Ù…ÙŠÙ„ÙŠ,1100000,72,19400000,66,6575,False,,,
7315527218405526830,2023-12-23T05:02:01,77,US,271900,1657,705,4600000,Feeding my serval a snack ,False,,chloetheserval,Chloe the Serval,2600000,51,62900000,2506,2436,False,,,
7338634695946554670,2024-02-23T11:30:52,61,US,753000,41300,17300,12600000,She got a new snack right after this,False,,chloetheserval,Chloe the Serval,2600000,51,62900000,2506,2436,False,,,
7484031540549389614,2025-03-21T07:05:23,64,US,944,37,17,12900,sheâ€™s locked in to spend time with us ğŸ’•,False,,chloetheserval,Chloe the Serval,2600000,51,62900000,2506,2436,False,,,
7485146759681953067,2025-03-24T07:12:58,93,US,962,25,13,11400,she didnâ€™t care about the new furniture because it was almost dinner time :(,False,,chloetheserval,Chloe the Serval,2600000,51,62900000,2506,2436,False,,,
7308528956272053535,2023-12-04T08:25:14,68,US,324200,9109,1836,7000000,Four of the most viewed ğŸ˜…,False,,chloetheserval,Chloe the Serval,2600000,51,62900000,2506,2436,False,Michigan,United States,
7485395246126271750,2025-03-24T23:16:40,18,ZA,243,0,2,3019,Can you relate to this ?ğŸ˜‚#keraramz #tiktoksa #Relatable ,False,,keraramz,Kera Ramz,1200000,139,47000000,878,15300,True,,,
7483976517194697989,2025-03-21T03:31:14,12,ZA,123,5,0,1962,Lovely @PakiLawu @J A R E E D ,False,,keraramz,Kera Ramz,1200000,139,47000000,878,15300,True,,,
7163680906589261061,2022-11-09T00:20:42,11,ZA,533400,8936,2846,4300000,Have you experienced this?,False,When you take your dish to the kitchen ,keraramz,Kera Ramz,1200000,139,47000000,878,15300,True,,,
7140240828043119878,2022-09-06T20:21:12,30,ZA,456400,15000,2133,4200000,Am I the only one who feels this way ?ğŸ˜‚ğŸ˜‚,False,When Mac users need to send an email ,keraramz,Kera Ramz,1200000,139,47000000,878,15300,True,,,
7484264624129379589,2025-03-21T22:09:15,26,ZA,275,2,3,4027,Can you relate ,False,"When you donâ€™t need a 
Spoon for yoghurtÂ ",keraramz,Kera Ramz,1200000,139,47000000,878,15300,True,,,
7483470374139694342,2025-03-19T18:47:11,42,US,102100,5477,877,604100,No plan B ğŸ§¡ #obimochallenge #obimo #fyp #newmusic #foryourpage ,False,Loving you is primary,adekunlegold,AG Baby,1800000,32,13600000,286,1609,True,,,
7485375320950934839,2025-03-24T21:59:21,59,US,11700,432,137,68300,No plan B but should I give the flowers to someone else? ğŸ’”ğŸ’”ğŸ’” #obimochallenge #obimo #newmusic #fyp #foryourpage ,False,"Loving you is primary
Only you no plan BÂ ",adekunlegold,AG Baby,1800000,32,13600000,286,1609,True,,,
7470495856035138871,2025-02-12T19:39:25,45,US,217300,5620,2764,1700000,OBIMO OUT NOW WORLDWIDE Enjoyyy!  #newmusic #ObimoChallenge,True,,adekunlegold,AG Baby,1800000,32,13600000,286,1609,True,,,
7470853997822348549,2025-02-13T18:49:11,38,US,50800,340,278,2300000,Obimo ğŸ§¡ Tell me your Valentineâ€™s Day plans? #newmusic #fyp #obimo #obimochallenge ,True,,adekunlegold,AG Baby,1800000,32,13600000,286,1609,True,,,
7469830412978654519,2025-02-11T00:37:08,61,US,116300,544,1056,824100,OBIMO out February 12th This one is special. ğŸ§¡ #newmusic #Obimo #fyp ,True,,adekunlegold,AG Baby,1800000,32,13600000,286,1609,True,,,
7485150061647777079,2025-03-24T07:25:13,12,CM,8623,101,148,86200,#emydanybassong ,False,Quand je rencontre mon ex avec sa nouvelle go dans un restaurant et que le serveur me demande ce que je veuxâ€¦Â ,emy_dany_bassong,Emy Dany Bassong,2000000,645,17900000,1039,37400,False,,,
7473161989682908422,2025-02-20T00:05:39,10,CM,236200,1194,3509,3100000,#emydanybassong ,False,,emy_dany_bassong,Emy Dany Bassong,2000000,645,17900000,1039,37400,False,,,
,2024-02-23T11:30:52,61,US,753000,41300,17300,12600000,She got a new snack right after this,False,,chloetheserval,Chloe the Serval,2600000,51,62900000,2506,2436,False,,,
7484031540549389614,2025-03-21T07:05:23,64,US,944,37,17,12900,sheâ€™s locked in to spend time with us ğŸ’•,False,,chloetheserval,Chloe the Serval,2600000,51,62900000,2506,2436,False,,,
7485146759681953067,2025-03-24T07:12:58,93,US,962,25,13,11400,she didnâ€™t care about the new furniture because it was almost dinner time :(,False,,chloetheserval,Chloe the Serval,2600000,51,62900000,2506,2436,False,,,
7308528956272053535,2023-12-04T08:25:14,68,US,324200,9109,1836,7000000,Four of the most viewed ğŸ˜…,False,,chloetheserval,Chloe the Serval,2600000,51,62900000,2506,2436,False,Michigan,United States,
7485395246126271750,2025-03-24T23:16:40,18,ZA,243,0,2,3019,Can you relate to this ?ğŸ˜‚#keraramz #tiktoksa #Relatable ,False,,keraramz,Kera Ramz,1200000,139,47000000,878,15300,True,,,
7483976517194697989,2025-03-21T03:31:14,12,ZA,123,5,0,1962,Lovely @PakiLawu @J A R E E D ,False,,keraramz,Kera Ramz,1200000,139,47000000,878,15300,True,,,
7163680906589261061,2022-11-09T00:20:42,11,ZA,533400,8936,2846,4300000,Have you experienced this?,False,When you take your dish to the kitchen ,keraramz,Kera Ramz,1200000,139,47000000,878,15300,True,,,
7140240828043119878,2022-09-06T20:21:12,30,ZA,456400,15000,2133,4200000,Am I the only one who feels this way ?ğŸ˜‚ğŸ˜‚,False,When Mac users need to send an email ,keraramz,Kera Ramz,1200000,139,47000000,878,15300,True,,,
7484264624129379589,2025-03-21T22:09:15,26,ZA,275,2,3,4027,Can you relate ,False,"When you donâ€™t need a 
Spoon for yoghurtÂ ",keraramz,Kera Ramz,1200000,139,47000000,878,15300,True,,,
7483470374139694342,2025-03-19T18:47:11,42,US,102100,5477,877,604100,No plan B ğŸ§¡ #obimochallenge #obimo #fyp #newmusic #foryourpage ,False,Loving you is primary,adekunlegold,AG Baby,1800000,32,13600000,286,1609,True,,,
7485375320950934839,2025-03-24T21:59:21,59,US,11700,432,137,68300,No plan B but should I give the flowers to someone else? ğŸ’”ğŸ’”ğŸ’” #obimochallenge #obimo #newmusic #fyp #foryourpage ,False,"Loving you is primary
Only you no plan BÂ ",adekunlegold,AG Baby,1800000,32,13600000,286,1609,True,,,
7470495856035138871,2025-02-12T19:39:25,45,US,217300,5620,2764,1700000,OBIMO OUT NOW WORLDWIDE Enjoyyy!  #newmusic #ObimoChallenge,True,,adekunlegold,AG Baby,1800000,32,13600000,286,1609,True,,,
7470853997822348549,2025-02-13T18:49:11,38,US,50800,340,278,2300000,Obimo ğŸ§¡ Tell me your Valentineâ€™s Day plans? #newmusic #fyp #obimo #obimochallenge ,True,,adekunlegold,AG Baby,1800000,32,13600000,286,1609,True,,,
7469830412978654519,2025-02-11T00:37:08,61,US,116300,544,1056,824100,OBIMO out February 12th This one is special. ğŸ§¡ #newmusic #Obimo #fyp ,True,,adekunlegold,AG Baby,1800000,32,13600000,286,1609,True,,,
7484733652773948678,2025-03-23T04:29:20,17,CM,18600,16,187,160300,#emydanybassong #yohann #kidsoftiktok #loveyou #baby #visibilitÃ© ,False,,emy_dany_bassong,Emy Dany Bassong,2000000,645,17900000,1039,37400,False,,,
7437587195722009911,2024-11-16T03:17:05,15,CM,212900,1530,2779,5700000,ğŸ¤£ğŸ¤£ğŸƒâ€â™€ï¸,False,,emy_dany_bassong,Emy Dany Bassong,2000000,645,17900000,1039,37400,False,,,
7388469105042427142,2024-07-06T18:33:41,173,CM,129200,862,2368,1300000,Ma joie deborde â¤ï¸â¤ï¸â¤ï¸,False,,emy_dany_bassong,Emy Dany Bassong,2000000,645,17900000,1039,37400,False,,,
7466153235053595909,2025-02-01T02:47:49,60,ZA,495100,5401,1731,5400000,That one kid who brought McDonald's to school for lunch. #school #schoollunch #student ,False,,ryanhdlombard,Ryan Lombard,11500000,14,286400000,735,16000,True,,,
7463274708008471813,2025-01-24T08:37:40,56,ZA,68100,811,275,530600,When Mom's warning becomes a literal burn. #middlechild #relatable #mom #prank ,False,,ryanhdlombard,Ryan Lombard,11500000,14,286400000,735,16000,True,,,
7461050035774442757,2025-01-18T08:44:49,50,ZA,85900,1858,454,615400,Teacher VS 21st century students. #teacher #student #school ,False,,ryanhdlombard,Ryan Lombard,11500000,14,286400000,735,16000,True,,,
7475466973804104968,2025-02-26T05:10:00,104,ZA,53900,1223,322,498900,Playing monopoly with the family. #monopoly #relatable ,False,,ryanhdlombard,Ryan Lombard,11500000,14,286400000,735,16000,True,,,
7483262822655249672,2025-03-19T05:21:52,46,ZA,25300,1228,144,192200,School life: Best to worst moments. #school #relatable ,False,,ryanhdlombard,Ryan Lombard,11500000,14,286400000,735,16000,True,,,
7050672641363021058,2022-01-08T11:30:51,93,MA,6300000,13000,49800,64900000,,False,,ayoubfc10,ayoubfc10,19500000,57,481400000,2673,33300,False,,,
7271091516364344582,2023-08-25T11:08:40,25,MA,6000000,40800,17400,82200000,#jigglejiggle ,False,Autotune âœ…ï¸;Autotune âŒï¸,ayoubfc10,ayoubfc10,19500000,57,481400000,2673,33300,False,,,
7476249085922659639,2025-02-28T07:44:52,11,MA,2681,50,45,168100,,False,Autotune âŒï¸;Autotune âœ…ï¸,ayoubfc10,ayoubfc10,19500000,57,481400000,2673,33300,False,,,
7485585202597645574,2025-03-25T11:33:50,59,MA,43,0,1,474,,False,,ayoubfc10,ayoubfc10,19500000,57,481400000,2673,33300,False,,,
7481080609218088198,2025-03-13T08:13:41,65,MA,4694,89,144,116000,,False,,ayoubfc10,ayoubfc10,19500000,57,481400000,2673,33300,False,,,
7484325058790362423,2025-03-22T02:03:47,7,NG,20200,260,167,162900,Irooo poooo ğŸ˜‚ğŸ˜‚ğŸ˜‚ğŸ˜‚,False,If you say yes thereâ€™s no amount of money I canâ€™t spend on you â€¦.,kie_kie__,Kiekie ğŸ’•,2700000,107,40600000,532,3617,True,,,
7485033269893811462,2025-03-23T23:51:57,11,NG,34600,219,334,230400,Make I no breathe?!!!!! ,False,"I don use my last card buy hair. 
Na who get hair dey see air breathe! ğŸ¥°",kie_kie__,Kiekie ğŸ’•,2700000,107,40600000,532,3617,True,,,
7080554820536519941,2022-03-30T00:08:57,26,NG,615400,8106,4747,6200000,We dey Tamac like this,False,,kie_kie__,Kiekie ğŸ’•,2700000,107,40600000,532,3617,True,,,
7081189103756135686,2022-03-31T17:10:19,95,NG,778600,13400,6836,7400000,What will you do if you were LIQUOROSE? ğŸ˜‚ğŸ˜‚ğŸ˜‚ğŸ˜‚ğŸ˜‚ğŸ˜‚,False,Definitely my fav part ğŸ˜‚ğŸ˜‚ğŸ˜‚,kie_kie__,Kiekie ğŸ’•,2700000,107,40600000,532,3617,True,,,
7484296716087201079,2025-03-22T00:13:47,105,NG,104200,3529,1480,1200000,Angry 24/7 ğŸ˜‚ğŸ˜‚ğŸ˜‚ğŸ˜‚ğŸ˜‚ğŸ˜‚,False,,kie_kie__,Kiekie ğŸ’•,2700000,107,40600000,532,3617,True,,,
7481001500991343927,2025-03-13T03:06:43,6,NG,17800,40,223,168600,,False,,bayo.beats,Bayo beats,4800000,59,49000000,1081,552,False,,,
7485025187230960901,2025-03-23T23:20:37,22,NG,37200,617,303,242200,â­ï¸ğŸ‘Œ,False,Shoutout to those who found a real one in this crazy generationÂ ,bayo.beats,Bayo beats,4800000,59,49000000,1081,552,False,,,
7482534995286969655,2025-03-17T06:17:27,44,NG,77000,293,585,873600,@Eluchie Janet ,False,"Introducing new character ğŸ˜‚
Mama J as ashawo ğŸ˜‚ğŸ˜‚",bayo.beats,Bayo beats,4800000,59,49000000,1081,552,False,,,
7482486394338757893,2025-03-17T03:08:51,216,NG,22500,226,444,210500,If you be their boyfriend friend just watch your mouth ğŸ˜‚@Eluchie Janet ,False,Your street girlfriend fighting your best friend against the relationshipÂ ,bayo.beats,Bayo beats,4800000,59,49000000,1081,552,False,,,
7457276708765371653,2025-01-08T04:42:24,228,NG,113900,3087,3428,1700000,One of my favorite videos ğŸ˜‚ğŸ˜‚ğŸ’”ğŸ’€,False,Revenge in every action movies ğŸ˜‚ğŸ’”,bayo.beats,Bayo beats,4800000,59,49000000,1081,552,False,,,
7483636922707889463,2025-03-20T05:33:28,32,MA,9356,2221,569,323100,Reda â¤ï¸,False,,patron02,PATRON ğŸ¥ğŸ»,1600000,71,13000000,101,1178,False,,,
7476687457858112773,2025-03-01T12:05:59,49,MA,9252,6605,667,347600,Amina â¤ï¸,False,,patron02,PATRON ğŸ¥ğŸ»,1600000,71,13000000,101,1178,False,,,
7476164925518318854,2025-02-28T02:18:18,26,MA,5321,2002,370,246100,Salma â¤ï¸,False,Salma â¤ï¸,patron02,PATRON ğŸ¥ğŸ»,1600000,71,13000000,101,1178,False,,,
7202190748530281734,2023-02-20T18:58:33,39,MA,53300,10400,1296,1200000,Ig: yousofficial ,False,,patron02,PATRON ğŸ¥ğŸ»,1600000,71,13000000,101,1178,False,,,
7162966185284340997,2022-11-07T02:07:12,31,MA,49000,1274,1436,861800,Ø§Ù…ÙŠ Ø¬Ù†Ù‡ ,False,,patron02,PATRON ğŸ¥ğŸ»,1600000,71,13000000,101,1178,False,,,
7485007266601618743,2025-03-23T22:11:06,15,ID,85500,472,588,1900000,"Alhamdulillah iftar Ramadhan 2025 Bersama Anak Hafiz,dan semua karyawan SS ğŸ¥° berkah2",False,,shellasaukia,SHELLA SAUKIA,7900000,53,302800000,4109,10800,True,,,
7485367966339468599,2025-03-24T21:30:45,10,ID,62000,577,356,1300000,,False,,shellasaukia,SHELLA SAUKIA,7900000,53,302800000,4109,10800,True,,,
7485068721707371831,2025-03-24T02:09:35,10,ID,70500,267,650,1900000,,False,,shellasaukia,SHELLA SAUKIA,7900000,53,302800000,4109,10800,True,,,
7485360369481829687,2025-03-24T21:01:19,32,ID,93500,1072,951,2400000,Gambaran raya 2025 edisi Nude Nude ,False,,shellasaukia,SHELLA SAUKIA,7900000,53,302800000,4109,10800,True,,,
7485318116939926792,2025-03-24T18:17:20,55,ID,14600,64,226,340700,Buka bersama di pesantren,False,,shellasaukia,SHELLA SAUKIA,7900000,53,302800000,4109,10800,True,,,
6859045965689572609,2020-08-10T02:01:48,15,ZA,108800,3181,251,478900,Don't understand? just (Arrow<Snapchat<Reverse)ğŸ˜³ (IQ:2000) #fyp #foryoupage #viral #funny #xyzbca #foryou,False,I did a thing with your cousin last night ğŸ¤ª;ExğŸ¤®;Good for you;Wait...u not jealous? ;Who you think dropped him offğŸ¤¦ğŸ»â€â™‚ï¸,chrismoolman_,Chris Moolman,1500000,1066,19100000,2538,86300,False,,,
7320298924189748485,2024-01-05T01:38:33,8,ZA,405,5,19,9308,check the comments ,False,,chrismoolman_,Chris Moolman,1500000,1066,19100000,2538,86300,False,,,
7323677057341230342,2024-01-14T04:07:26,8,ZA,110,10,5,2938,Which side you choosing #fyp #viral ,False,"Choose a side>>>>>;--------------------- ;Millionaire 
Glowup
Good grades
Smooth hair
Straight teeth
Interact 3x to claim ;Billionaire
Huge glowup
silky hair
white teeth
Full grades
Use this sound to claim(can be private)",chrismoolman_,Chris Moolman,1500000,1066,19100000,2538,86300,False,,,
7325081746918165765,2024-01-17T22:58:21,9,ZA,23,0,4,3632,Can you find it? ,False,,chrismoolman_,Chris Moolman,1500000,1066,19100000,2538,86300,False,,,
7091732774368840966,2022-04-29T03:05:07,9,ZA,115200,40600,831,1300000,Insta :chrismoolman_ #fyp #viral,False,"The the brain ignores the second ""the"" ;When you start to hang out with someone you start to act like them too ;Pov: You just realized ;You can ""call"" a Tiktok by doing ""share<other<cancel*;You probably walked past 5 murderers in your life rn;Dojo cat pops up when you follow me ",chrismoolman_,Chris Moolman,1500000,1066,19100000,2538,86300,False,,,
7470846635732471045,2025-02-13T18:20:37,5,ZA,239500,2623,1454,3600000,ğŸ¥‹ğŸ¦µğŸ¾ğŸ‘ŸğŸ™ğŸ½ğŸ”¥ğŸ˜‚ #ValentinesAndStuff #Kungfu ,False,,bontle_ba_afrika,Bontle Modiselle,3600000,367,32800000,207,1437,True,,,
7203015445128056069,2023-02-23T00:18:45,15,ZA,1600000,17100,5524,22100000,Lama last ğŸ‡ºğŸ‡¸ â˜‘ï¸ Dc: @official_.aya2 ,False,,bontle_ba_afrika,Bontle Modiselle,3600000,367,32800000,207,1437,True,,,
7338440729900993798,2024-02-22T22:58:02,28,ZA,3200000,48200,18700,56500000,Hayi ke zamile ğŸ˜©ğŸ˜­ğŸ”¥ #tshwalabami #tshwalabamichallange ,False,,bontle_ba_afrika,Bontle Modiselle,3600000,367,32800000,207,1437,True,,,
7395485620140821765,2024-07-25T16:21:22,47,ZA,920000,13800,5978,10700000,ROBONTLE X3  ğŸš¦ğŸ”¥ğŸ   @ROBOTO X3  ğŸ¥: @kdontmiss_  #RobotBoii #BontleM #ManziNte #ManziNteDanceChallenge #Amapiano #Trend #Viral #FYP  #ForYou,False,,bontle_ba_afrika,Bontle Modiselle,3600000,367,32800000,207,1437,True,,,
7480234006227717381,2025-03-11T01:28:27,19,NG,1285,1,38,37800,Complicated affair is still showing on YouTube ğŸ¥ #capcut #nigerianmovies ,False,"When my movie hits 
1 Million views on YouTubeÂ ",alaoblow,Alaoblow,1900000,1431,12500000,1040,18300,True,,,
7483874694693653765,2025-03-20T20:56:07,24,NG,6918,41,49,23500,Our parents actually used this trick on us oğŸ˜‚ #viralvideos #childhoodmemories #fyp ,False,But our parents used this trick on us ğŸ˜©,alaoblow,Alaoblow,1900000,1431,12500000,1040,18300,True,,,
7484695043819719941,2025-03-23T01:59:32,60,NG,272900,4221,5702,1800000,How did we get here? ğŸ‡³ğŸ‡¬ #30daysrantchallenge #viralvideos ,False,"#30daysrantChallenge ğŸ‡³ğŸ‡¬Â ;Petrol was N65 per liter ğŸ˜©;Egg was 400 for 1 crateğŸ˜©;Bread was N150
Sardine was N150
Spaghetti was < 200;How Did We Get Here?ğŸ˜©ğŸ‡³ğŸ‡¬",alaoblow,Alaoblow,1900000,1431,12500000,1040,18300,True,,,
7481285399399156998,2025-03-13T21:28:20,239,NG,9809,36,408,63900,Replying to @GENTLE TRILLION ğŸğŸğŸğŸ Complicated Affair (Part 2) #nigerianmovies #foryoupage  #viralcontent #lovestory ,False,From a thief to a lover boy(Part 2),alaoblow,Alaoblow,1900000,1431,12500000,1040,18300,True,,,
7482438114154155270,2025-03-17T00:01:27,350,NG,37700,3225,1572,345400,We actually thought weâ€™d get married #trendingvideo #shortmovies #viralcontent #fyp ,False,We thought we would get married ğŸ’”,alaoblow,Alaoblow,1900000,1431,12500000,1040,18300,True,,,
7473621316243852562,2025-02-21T05:47:53,15,MA,4142,17,15,105200,â¤ï¸ğŸ”«#Ø¬ÙŠØ´_Ø³ÙˆÙŠØ¯ÙŠ @abdeladimlb__ ,False,,sweedyofficiel,ğŸ‡¸ğŸ‡ª ğ“¢ğ”€ğ’†ğ’†ğ““ğ”‚ ğŸ‡¸ğŸ‡ª,1500000,205,26500000,273,5991,False,,,
7472750816202345735,2025-02-18T21:29:47,9,MA,1488,11,12,52000,â˜ ï¸#Ø¬ÙŠØ´_Ø³ÙˆÙŠØ¯ÙŠ ,False,,sweedyofficiel,ğŸ‡¸ğŸ‡ª ğ“¢ğ”€ğ’†ğ’†ğ““ğ”‚ ğŸ‡¸ğŸ‡ª,1500000,205,26500000,273,5991,False,,,
7480952819072109879,2025-03-12T23:57:46,5,ZA,656,7,8,8028,Hereâ€™s my numberâ€¦ #fyp #pov #tiktoksouthafrica ,False,"â€œI donâ€™t really enjoy going outâ€;â€œYeah, Iâ€™m a home bodyâ€",calvin_reef,Reef,1700000,778,85900000,873,5527,True,,,
7484277032801651974,2025-03-21T22:57:26,20,ZA,76,3,2,1809,ğŸš¨ Stop Scrolling for 20 Seconds â€“ This Could Change Everything! ğŸš¨,False,,calvin_reef,Reef,1700000,778,85900000,873,5527,True,,,
7480141968878734597,2025-03-10T19:31:19,13,ZA,587,7,9,11600,Okay but what was my haircut @Tracey ReefğŸ’§ #onthisday #fyp ,False,"Mar 10, 2022",calvin_reef,Reef,1700000,778,85900000,873,5527,True,,,
7485470774338260230,2025-03-25T04:09:46,28,ZA,119,1,2,1072,Go to car kareoke #fyp #pov ,False,â€œWhen someone asks for relationship advice and this is me on the dailyâ€,calvin_reef,Reef,1700000,778,85900000,873,5527,True,,,
7482482721642548485,2025-03-17T02:54:35,9,ZA,12400,21,91,72200,today was a good dayğŸ–¤,False,,sphokuhle.n,Sphokuhle.n,4800000,3152,198300000,5143,560500,True,,,
7482677370923568390,2025-03-17T15:29:57,42,ZA,65700,69,339,317300,"I love this outfit so much, can you tell?ğŸ¤£ğŸ˜­",False,,sphokuhle.n,Sphokuhle.n,4800000,3152,198300000,5143,560500,True,,,
7483582130564369669,2025-03-20T02:00:48,29,ZA,3707,4,42,41000,Going out on a date with your friend is not as simple as it looksğŸ¤£ but it's all fun & vibes at the endğŸ¤ªğŸ”¥ One of you guys stand a chance of winning a real magic moment with meğŸ¥° all you need to do is comment down your ideal #recipeformagic moment and you could go on a date with mwaahhhğŸ¤ªğŸ¤­ #realmagic @cocacolaza,False,,sphokuhle.n,Sphokuhle.n,4800000,3152,198300000,5143,560500,True,,,
7482714029186764037,2025-03-17T17:52:14,12,ZA,6973,35,40,45800,90s fynnnn,False,,sphokuhle.n,Sphokuhle.n,4800000,3152,198300000,5143,560500,True,,,
7484686604758502661,2025-03-23T01:26:48,25,US,268200,764,19300,3100000,Iâ€™m April 3rd and you?? Dc:- @Timi  â€¢ Please follow Dancers wey don dey teach me new stepsğŸ˜:- @DANCEBOSSğŸ˜  @Junior_wave ğŸ”¥  #janemenaa ,False,Oya Find ur birthday mate in the comments section,janemenaa,Janemena,3700000,673,52800000,1062,1963,False,,,
7464658996067060998,2025-01-28T02:09:23,57,US,1100000,20800,34200,13800000,"Hi, Iâ€™m Iphone14 Pro Max and youğŸ˜!? #janemenaa ",False,Introduce yourself with the name of your phoneğŸ“±Â ,janemenaa,Janemena,3700000,673,52800000,1062,1963,False,,,
7484321070590315831,2025-03-22T01:48:19,178,US,354500,10300,6525,2400000,Do you think @Rhoks hairğŸ˜‡ğŸ¤Œ Will be coming to make my hair again or should I find a new hairstylistğŸ˜­!? â€¢ â€¢ Anyways please rate my braids over 10ğŸ˜#janemenaa ,False,GRWM:- BRAIDING MY HAIR EDITION,janemenaa,Janemena,3700000,673,52800000,1062,1963,False,,,
7485021943415033093,2025-03-23T23:08:02,19,NG,18700,19,35,189900,"It really takes a village to raise a child and more villages to raise 2 and moreğŸ˜¨ â€¢ A big thank you to my amazing family, Iâ€™m so glad I have yâ€™all and you know you got me anytime, anyday. May God continue to bless you all for me. â€¢ Uncle p My Mummy My mum-in-law @Tboy for real  @Triciazino  @MamağŸ¥µğŸ¥°â™“ï¸  @igeligeovuzorieka ",False,,janemenaa,Janemena,3700000,673,52800000,1062,1963,False,,,
7407877989343481094,2024-08-28T01:50:07,74,NG,730400,19200,21400,10700000,So we did this challenge with papağŸ™‚â€â†”ï¸ #janemenaa #janexplies ,False,,janemenaa,Janemena,3700000,673,52800000,1062,1963,False,,,
7485409147513605382,2025-03-25T00:10:38,7,NG,127,0,1,927,ğŸ«£ğŸ«£ğŸ«£ #ayojaylee9 #xyzabc #fyp ,False,Me or that trending guy on this sound ğŸ« ğŸ« ,ayojaylee9,ğŸŒ»ğŸŒ»GLOW BOY ğŸŒ»ğŸŒ»,1600000,1818,21100000,2965,2929,False,,,
7204794768264580357,2023-02-27T19:23:29,14,US,96200,1282,1120,927500,DUET THIS ğŸ˜­ğŸ˜­ğŸ’”#ayojaylee9 #ğŸŒ¹ğŸŒ¹glowboyğŸŒ¹ğŸŒ¹ #girls #girlfacts #trending #jaylees #girlsyoulike ,False,"Aleast she treat me 
like am somebody ;""Yeah but will she love you if you were nobodyÂ®;""Nobody loved me when I was nobody"";I did ;Before the money ;And before the fame ;Before the lie ",ayojaylee9,ğŸŒ»ğŸŒ»GLOW BOY ğŸŒ»ğŸŒ»,1600000,1818,21100000,2965,2929,False,,,
7485398331552795959,2025-03-24T23:28:38,18,NG,182,0,13,1011,Since 2020 chia mak una help me beg am ğŸ¤«ğŸ¤«ğŸ¤«ğŸ«  #ayojaylee9 #xyzabc #fyp ,False,This girl GREE for me to enter na I beg ğŸ˜«ğŸ« ğŸ«¢,ayojaylee9,ğŸŒ»ğŸŒ»GLOW BOY ğŸŒ»ğŸŒ»,1600000,1818,21100000,2965,2929,False,,,
7478046227737758982,2025-03-05T03:58:44,15,NG,11400,39,172,87900,ğŸ˜˜ğŸ˜˜ğŸ˜˜ğŸ’‹ğŸ’‹ğŸ’‹ #ayojaylee9 #xyzabc #fyp ,False,,ayojaylee9,ğŸŒ»ğŸŒ»GLOW BOY ğŸŒ»ğŸŒ»,1600000,1818,21100000,2965,2929,False,,,
7279159272771030277,2023-09-16T04:55:44,51,US,205400,1924,541,8900000,2 MINUTES MAN ğŸ˜‚ğŸ˜‚ğŸ˜‚ğŸ˜‚ğŸ˜´ğŸ˜‚ #ayojaylee9 ,False,,ayojaylee9,ğŸŒ»ğŸŒ»GLOW BOY ğŸŒ»ğŸŒ»,1600000,1818,21100000,2965,2929,False,,,
7430484296168738054,2024-10-27T23:54:12,14,MA,4700000,757600,20700,40600000,Ø²Ø¹Ù…Ø§ Ø´Ø¹Ø±ÙŠ Ù‡ÙŠÙ„ØªÙŠ ØŸ ,False,,meryamkadmiri,Meryam kadmiri,2800000,131,50900000,1238,6176,True,,,
7483985185998933254,2025-03-21T04:04:53,13,MA,12800,7662,547,443700,ğŸ¤£ğŸ¤¦ğŸ»â€â™€ï¸,False,,meryamkadmiri,Meryam kadmiri,2800000,131,50900000,1238,6176,True,,,
7116243208266468614,2022-07-04T04:18:10,19,MA,292700,16800,2684,6200000,ğŸ˜‚ğŸ˜‚ğŸ˜‚,False,,meryamkadmiri,Meryam kadmiri,2800000,131,50900000,1238,6176,True,,,
7299169432377609478,2023-11-09T03:05:21,88,MA,142900,63100,7675,13500000,Ø¬Ø¯ØªÙŠ Ù…ÙƒØªØ¬Ø§ÙˆØ¨Ø´ Ù…Ø¹Ø±ÙØªØ´ Ø¹Ù„Ø§Ø´ØŸ ,False,"Ø¬Ø¯ØªÙŠ Ù…ÙƒØªØ¬Ø§ÙˆØ¨Ø´ Ù…Ø¹Ø±ÙØªØ´ Ø¹Ù„Ø§Ø´ØŸ 
Ø¬Ø¯ØªÙŠ ğŸ‘‡ğŸ¼",meryamkadmiri,Meryam kadmiri,2800000,131,50900000,1238,6176,True,,,
7484308617424817463,2025-03-22T00:59:58,88,MA,13200,1531,258,184700,ØªØ®Ø§ÙŠÙ„Ùˆ Ù†Ù‚Ù„Ø¨Ùˆ Ø§Ù„Ø£Ø¯ÙˆØ§Ø± ğŸ˜Œ Ø´ÙØªÙˆ Ø´Ø­Ø§Ù„ Ù„Ù…Ù†Ø¶Ø± Ø®Ø§ÙŠØ¨ ØŸ ğŸ¤£ Ø±Ø§Ù‡ Ù‡Ø§ÙƒØ§ ÙƒÙ†Ø´ÙˆÙÙˆÙƒÙ… Ùˆ Ù‡ÙƒØ§ ÙƒØªØ´ÙˆÙÙˆÙ†Ø§ ğŸ™„ ğŸªğŸªğŸª,False,,meryamkadmiri,Meryam kadmiri,2800000,131,50900000,1238,6176,True,,,
7431631968560844037,2024-10-31T02:07:43,14,ZA,1400000,42000,4546,15000000,"â€œCash kontant, huh!â€ğŸ˜­ğŸ”¥ @joymakersdancecrew23 @PRESIDENT YA STRAATAğŸ…¿ï¸ğŸ‡¿ğŸ‡¦ğŸŸï¸ #dance #amapiano ",False,Me whenever I hear this song:,mooyamusunga,Mooya Musunga,5900000,395,97800000,1526,110600,True,,,
7484299318149598519,2025-03-22T00:23:54,25,ZM,3339,114,116,65400,Which Dougie is the best? Pick one!ğŸ«µğŸ¾ğŸ¤¨  #dance #dougie ,False,Who has the best Dougie?;1;2;3,mooyamusunga,Mooya Musunga,5900000,395,97800000,1526,110600,True,,,
7336179395155086597,2024-02-16T20:42:54,15,ZM,1300000,15600,16900,20700000,No one can really do it like those 3 guys in blackğŸ˜­ğŸ”¥ #dance ,False,1;3;2;Who did it best?,mooyamusunga,Mooya Musunga,5900000,395,97800000,1526,110600,True,,,
7483872061631319351,2025-03-20T20:45:54,22,ZM,31700,219,219,262100,Attitude! Now walk off!ğŸ¤£ drop a â€œğŸ‡³ğŸ‡¬â€ in the comments if youâ€™re Nigerian!!ğŸ”¥ #banger #dancechallenge dc: @Ikem ,False,,mooyamusunga,Mooya Musunga,5900000,395,97800000,1526,110600,True,,,
6974832292480961798,2021-06-18T02:31:35,15,ZA,2500000,133000,22100,33300000,Thank you guys sm for 2.3MğŸ¥ºâ¤ï¸ keep killing this dance!ğŸ™ğŸ¾ğŸ¤ dc: ğŸ™‹ğŸ¾â€â™‚ï¸ #fyp #dance #afrodance #maserati,False,,mooyamusunga,Mooya Musunga,5900000,395,97800000,1526,110600,True,,,
7478473893095673106,2025-03-06T07:38:23,8,MA,1844,84,75,44500,Happy birthday to me ğŸ¤âœ¨ #fyp #birthday ,False,,salmadouma8,salmadouma,1100000,306,8800000,869,7195,True,,,
7475125883217464582,2025-02-25T07:06:18,15,MA,1174,28,38,18200,ğŸ¤âœ¨ #fyp #Ø§Ù„Ø´Ø¹Ø¨_Ø§Ù„ØµÙŠÙ†ÙŠ_Ù…Ø§Ù„Ù‡_Ø­Ù„ğŸ˜‚ğŸ˜‚ ,False,,salmadouma8,salmadouma,1100000,306,8800000,869,7195,True,,,
7481482642102177079,2025-03-14T10:13:46,15,MA,646,14,16,11400,ğŸ‘‘ #Ø§Ù„Ø´Ø¹Ø¨_Ø§Ù„ØµÙŠÙ†ÙŠ_Ù…Ø§Ù„Ù‡_Ø­Ù„ğŸ˜‚ğŸ˜‚ #fyp ,False,,salmadouma8,salmadouma,1100000,306,8800000,869,7195,True,,,
7474709172760710405,2025-02-24T04:09:14,13,MA,827,27,50,15100,ğŸ¤ #fyp #Ø§Ù„Ø´Ø¹Ø¨_Ø§Ù„ØµÙŠÙ†ÙŠ_Ù…Ø§Ù„Ù‡_Ø­Ù„ğŸ˜‚ğŸ˜‚ ,False,,salmadouma8,salmadouma,1100000,306,8800000,869,7195,True,,,
7434513406968728888,2024-11-07T20:29:12,15,MA,1256,7,21,62000,Ù„Ù‚ÙŠØ© Ø§Ù„Ø£ØºÙ†ÙŠØ© Ù„ÙŠ Ø«Ù…ØªÙ„ Ø´Ø®ØµÙŠØªÙŠ ğŸ˜‚  #Ø¬ÙŠØ´_Ø¹Ø¨ÙŠØ± ,False,,abirab36,ğŸ”®ğŸ«¶ğŸ»__AbiRe â€” Ab__ğŸ«¶ğŸ»ğŸ”®,2300000,38,25500000,359,8740,False,,,
7429122254996327686,2024-10-24T07:48:45,15,MA,4138,28,46,103000,#Ø¬ÙŠØ´_Ø¹Ø¨ÙŠØ±  ğŸ˜‚ hana ,False,,abirab36,ğŸ”®ğŸ«¶ğŸ»__AbiRe â€” Ab__ğŸ«¶ğŸ»ğŸ”®,2300000,38,25500000,359,8740,False,,,
